user_id,monthly_income,weekly_wage,checking_balance,savings_balance,total_needs,total_wants,actual_savings,savings_rate,num_expenses,budget_status,needs_groceries,needs_rent_mortgage,needs_utilities,needs_gas_transport,needs_insurance,needs_bills,needs_healthcare,needs_childcare,needs_other,wants_dining_out,wants_entertainment,wants_shopping,wants_subscriptions,wants_hobbies,wants_travel,wants_personal_care,wants_gifts,wants_other
1,4050.02,935.34,868.67,687.89,2639.73,1044.97,365.32,0.0902,15,tight,350.33,1294.89,250.15,231.62,168.31,115.98,132.41,0.0,96.04,272.81,0.0,195.59,0.0,146.47,134.18,137.06,128.99,29.87
2,7520.5,1736.84,1128.83,427.12,4542.14,1433.19,1545.17,0.2055,15,healthy,731.03,1679.52,414.43,500.92,406.46,254.76,194.47,250.21,110.34,339.08,346.18,0.0,244.73,0.0,0.0,250.09,176.78,76.33
3,3520.72,813.1,708.27,222.36,2224.9,1112.68,183.14,0.052,14,tight,372.44,1042.52,149.77,267.33,135.32,162.03,95.49,0.0,0.0,242.85,149.49,330.08,0.0,57.28,177.23,49.41,106.34,0.0
4,4138.43,955.76,670.61,401.78,2449.1,624.01,1065.32,0.2574,14,healthy,478.55,900.4,213.1,303.79,171.12,188.37,110.13,0.0,83.64,0.0,195.74,0.0,0.0,79.88,50.44,77.14,95.73,125.08
5,5727.67,1322.79,819.95,511.81,3836.66,1368.32,522.69,0.0913,14,tight,419.53,1744.41,325.59,263.09,292.62,185.6,210.44,278.04,117.34,0.0,149.97,548.82,0.0,0.0,290.35,231.08,148.1,0.0
6,5495.95,1269.27,1960.22,1854.17,3193.53,1723.64,578.78,0.1053,16,healthy,403.56,1541.5,218.32,246.68,290.46,184.91,203.49,0.0,104.61,467.72,144.66,247.32,44.94,295.82,0.0,280.28,93.9,149.0
7,5863.51,1354.16,951.09,387.1,3338.07,1256.41,1269.03,0.2164,13,healthy,446.89,1409.76,335.82,305.74,265.56,284.22,149.64,0.0,140.44,145.48,0.0,477.95,0.0,235.1,0.0,198.56,0.0,199.32
8,2654.19,612.98,300.67,134.6,1745.07,502.0,407.12,0.1534,14,healthy,310.03,701.42,105.2,194.09,157.46,75.91,71.61,129.35,0.0,61.32,67.27,120.67,0.0,0.0,0.0,127.12,67.0,58.62
9,5967.1,1378.08,1811.62,1944.05,3618.39,1606.58,742.13,0.1244,16,healthy,431.4,1516.09,286.97,275.46,242.88,229.53,211.95,272.63,151.48,386.39,253.18,481.84,0.0,155.5,0.0,162.75,73.43,93.49
10,17960.25,4147.86,14426.97,7994.1,10745.77,3991.34,3223.14,0.1795,15,healthy,1440.08,5075.5,809.21,1239.98,749.65,513.42,530.76,0.0,387.17,935.34,221.49,495.57,0.0,580.26,0.0,530.56,640.06,588.06
11,14459.14,3339.29,4635.36,1919.88,8613.33,2862.48,2983.33,0.2063,15,healthy,1150.21,3927.27,870.38,1012.09,609.85,652.47,391.06,0.0,0.0,382.59,460.57,0.0,255.69,142.85,440.48,383.87,320.23,476.2
12,3518.71,812.64,1734.06,3271.45,1997.24,712.36,809.11,0.2299,12,healthy,331.67,965.96,188.84,197.71,126.0,109.98,77.08,0.0,0.0,152.83,95.48,0.0,126.66,155.36,182.03,0.0,0.0,0.0
13,4512.49,1042.15,0,0,3290.06,1394.99,-172.56,-0.0382,16,over,415.77,1615.04,263.23,240.06,283.7,224.69,171.23,0.0,76.34,299.26,207.38,349.88,28.79,128.64,133.97,0.0,115.13,131.94
14,3901.93,901.14,833.41,654.27,2557.76,990.35,353.82,0.0907,15,tight,338.44,1256.74,214.78,233.32,193.64,133.45,123.82,0.0,63.57,221.0,213.48,0.0,70.75,99.89,210.09,114.79,0.0,60.35
15,5449.17,1258.47,1702.61,965.83,3578.97,632.56,1237.64,0.2271,13,healthy,700.72,1327.11,222.45,264.07,278.04,279.98,182.84,216.78,106.98,0.0,0.0,332.38,44.82,0.0,0.0,123.55,0.0,131.81
16,12973.53,2996.2,2303.24,2379.34,8690.89,3101.25,1181.39,0.0911,14,tight,1366.26,3782.17,827.75,901.12,557.08,437.94,309.0,509.57,0.0,1031.01,0.0,1157.41,154.83,0.0,0.0,199.8,309.44,248.76
17,4987.59,1151.87,6.59,7.78,3232.54,1738.65,16.4,0.0033,18,tight,373.2,1339.57,212.03,382.2,260.63,259.32,128.94,195.98,80.67,258.75,159.6,237.8,171.34,146.97,262.64,266.68,91.76,143.11
18,14381.16,3321.28,0,0,10157.71,5345.56,-1122.11,-0.078,17,over,1609.18,5169.85,606.58,889.21,543.55,717.77,332.42,0.0,289.15,1273.0,503.56,1396.98,427.12,458.02,322.63,446.3,235.21,282.74
19,3784.02,873.91,337.58,273.94,2327.29,960.42,496.31,0.1312,15,healthy,358.14,1042.35,175.72,266.86,149.71,117.42,102.08,115.01,0.0,0.0,265.63,158.35,31.82,124.92,185.17,139.2,55.33,0.0
20,1666.36,384.84,540.06,596.54,945.37,412.2,308.79,0.1853,15,healthy,146.59,417.41,76.24,84.64,92.41,53.65,46.46,0.0,27.97,108.33,48.76,0.0,59.37,66.76,89.95,0.0,27.94,11.09
21,5489.34,1267.75,1903.46,1983.56,3363.97,1646.23,479.14,0.0873,15,tight,400.4,1534.0,239.26,350.52,296.95,243.0,180.41,0.0,119.43,320.94,0.0,468.09,0.0,289.37,254.55,168.44,88.72,56.12
22,18045.88,4167.64,2618.98,4065.72,9627.69,5921.62,2496.57,0.1383,17,healthy,1659.25,3579.18,877.82,1194.73,1076.84,552.21,387.08,0.0,300.58,1501.49,367.89,1124.91,181.72,765.89,765.18,242.82,623.41,348.31
23,5955.69,1375.45,720.53,813.93,3485.62,487.2,1982.87,0.3329,12,healthy,545.07,1357.23,359.97,392.25,315.14,279.22,138.56,0.0,98.18,236.1,72.48,0.0,0.0,100.37,0.0,0.0,78.25,0.0
24,1563.56,361.1,228.31,271.57,1000.1,453.97,109.49,0.07,15,tight,151.5,462.4,65.12,106.6,85.63,67.92,60.93,0.0,0.0,75.47,32.68,110.52,37.4,44.33,0.0,75.82,29.56,48.19
25,4748.6,1096.67,895.86,615.09,2758.15,1222.34,768.11,0.1618,17,healthy,375.89,984.29,179.48,325.74,245.47,196.96,110.17,218.48,121.67,277.05,120.87,242.56,143.48,217.63,48.35,99.89,72.51,0.0
26,2133.17,492.65,175.3,145.45,1174.13,620.69,338.35,0.1586,17,healthy,153.25,495.2,96.48,145.0,110.98,62.42,68.5,0.0,42.3,152.78,61.83,166.48,51.15,39.48,50.7,36.06,44.81,17.4
27,1813.06,418.72,923.69,1166.08,1093.31,367.5,352.25,0.1943,14,healthy,173.61,550.34,85.49,87.37,88.46,66.51,41.53,0.0,0.0,128.61,30.05,64.28,63.0,0.0,0.0,30.47,14.98,36.11
28,5270.6,1217.23,1436.98,745.42,3253.04,1386.45,631.11,0.1197,15,healthy,566.44,1588.41,195.27,278.82,193.33,186.84,116.07,0.0,127.86,261.97,346.56,404.07,55.48,0.0,128.9,88.36,101.11,0.0
29,8715.59,2012.84,7378.94,2177.09,5042.92,2014.87,1657.8,0.1902,16,healthy,637.46,2198.26,450.94,445.13,557.23,275.49,287.14,0.0,191.27,186.1,276.36,899.8,76.73,85.59,212.46,0.0,92.81,185.02
30,3649.46,842.83,692.49,1311.97,1941.82,1207.08,500.56,0.1372,16,healthy,284.16,814.77,212.16,175.03,172.72,122.99,95.35,0.0,64.64,283.32,259.35,191.13,111.34,0.0,138.14,49.69,53.1,121.01
31,9538.52,2202.89,2767.23,2728.43,5760.46,1985.65,1792.41,0.1879,14,healthy,1200.22,2504.86,444.35,477.72,362.19,343.83,206.89,0.0,220.4,791.12,0.0,0.0,231.47,187.85,0.0,353.18,200.26,221.77
32,3124.85,721.67,111.84,159.29,2415.63,583.01,126.21,0.0404,16,tight,343.3,1124.14,158.69,242.44,145.97,135.17,79.89,113.36,72.67,57.24,70.33,251.83,24.67,69.39,0.0,0.0,67.06,42.49
33,2155.73,497.86,1635.73,1072.71,1292.89,350.91,511.93,0.2375,14,healthy,186.23,580.77,103.89,116.85,120.21,101.61,48.48,0.0,34.85,0.0,64.11,71.13,59.94,61.57,24.98,69.18,0.0,0.0
34,1736.0,400.92,176.52,250.12,1144.56,502.95,88.49,0.051,12,tight,188.72,617.17,68.75,96.1,64.76,63.9,45.16,0.0,0.0,144.98,94.16,139.68,0.0,0.0,0.0,0.0,62.34,61.79
35,9405.45,2172.16,723.12,449.46,6121.19,2484.46,799.8,0.085,13,tight,1060.07,2851.1,472.74,463.08,552.21,388.41,333.58,0.0,0.0,846.21,546.93,0.0,237.68,230.45,355.44,267.75,0.0,0.0
36,12254.7,2830.18,2283.57,2798.5,7471.16,2281.22,2502.32,0.2042,15,healthy,1554.51,2986.72,501.08,635.77,654.8,531.64,385.43,0.0,221.21,0.0,206.78,512.48,300.77,411.18,245.34,360.39,0.0,244.28
37,9443.11,2180.86,1248.19,892.97,5510.7,2635.62,1296.79,0.1373,16,healthy,1213.65,2438.7,420.91,487.54,357.93,351.47,240.5,0.0,0.0,363.13,404.95,189.67,330.51,106.46,363.01,444.99,262.77,170.13
38,3175.53,733.38,1406.91,1062.01,2010.28,566.72,598.53,0.1885,15,healthy,327.06,954.89,123.4,176.04,164.29,99.89,89.63,0.0,75.08,0.0,64.74,169.48,75.6,98.59,30.96,0.0,48.37,78.98
39,8310.54,1919.29,4709.68,3795.09,4939.74,1080.95,2289.85,0.2755,15,healthy,941.47,1866.92,445.37,393.25,298.74,254.61,221.45,314.54,203.39,0.0,0.0,0.0,214.98,139.56,207.28,315.4,97.8,105.93
40,4978.01,1149.66,4135.51,1462.29,3454.65,475.01,1048.35,0.2106,12,healthy,491.76,1757.2,217.19,306.43,233.15,231.74,108.31,0.0,108.87,0.0,140.72,138.53,0.0,0.0,95.35,0.0,100.41,0.0
41,5761.29,1330.55,0,0,4243.82,1827.2,-309.73,-0.0538,17,over,567.75,1860.86,250.98,401.43,241.78,278.89,216.55,290.45,135.13,463.33,0.0,416.26,113.1,282.4,122.58,241.4,37.0,151.13
42,8061.12,1861.69,7756.31,2537.13,4368.33,1586.72,2106.07,0.2613,14,healthy,606.24,1830.22,360.4,414.25,464.42,284.12,170.95,237.73,0.0,424.73,247.14,359.13,0.0,0.0,0.0,292.28,162.25,101.19
43,5407.53,1248.85,2418.06,2683.46,2911.24,1257.08,1239.21,0.2292,16,healthy,403.86,1115.97,271.27,256.29,273.68,178.05,122.41,210.26,79.45,374.45,306.87,0.0,42.79,65.46,0.0,235.79,137.22,94.5
44,5078.6,1172.89,464.75,875.0,2775.44,1047.32,1255.84,0.2473,12,healthy,554.64,1147.67,258.32,254.02,181.21,224.29,155.29,0.0,0.0,433.24,0.0,283.03,32.86,0.0,0.0,206.43,91.76,0.0
45,3874.6,894.83,1519.61,517.13,2767.58,581.98,525.04,0.1355,14,healthy,405.16,1262.29,163.14,300.24,183.68,160.25,132.64,160.18,0.0,168.87,141.41,0.0,51.26,60.04,0.0,107.51,52.89,0.0
46,6761.93,1561.65,1434.35,955.27,4371.57,1589.22,801.14,0.1185,16,healthy,582.26,2010.27,274.83,460.32,333.92,243.37,143.87,208.37,114.36,0.0,305.12,446.48,144.6,0.0,203.72,173.66,85.46,230.18
47,3354.68,774.75,1160.17,881.75,2540.0,486.29,328.39,0.0979,15,tight,284.31,1189.24,194.24,228.28,163.79,122.29,103.45,173.66,80.74,62.53,0.0,80.91,0.0,39.32,167.96,0.0,61.53,74.04
48,9639.09,2226.12,855.21,1372.14,5508.56,1935.86,2194.67,0.2277,15,healthy,736.63,2130.38,489.6,497.61,445.24,400.6,241.61,421.13,145.76,185.15,0.0,549.92,305.93,105.21,471.74,0.0,0.0,317.91
49,1707.16,394.26,306.46,163.95,1135.04,343.36,228.76,0.134,15,healthy,134.28,570.04,75.08,106.53,94.44,63.54,60.14,0.0,30.99,0.0,0.0,125.05,26.98,49.98,44.21,44.57,22.86,29.71
50,1505.2,347.62,398.3,522.32,790.64,276.94,437.62,0.2907,13,healthy,133.2,363.24,61.14,93.28,53.87,45.51,40.4,0.0,0.0,0.0,99.81,50.07,0.0,46.95,42.07,0.0,20.18,17.86
51,7519.56,1736.62,3223.22,2391.66,4779.99,1544.94,1194.63,0.1589,16,healthy,915.37,2017.82,410.05,397.15,420.03,242.61,201.12,0.0,175.84,556.0,180.38,0.0,51.19,138.62,91.07,295.4,102.12,130.16
52,5840.78,1348.91,0,0,4324.09,1767.84,-251.15,-0.043,17,over,651.28,1920.69,361.34,379.5,339.17,213.3,127.31,219.56,111.94,311.33,271.68,511.11,95.49,0.0,305.34,89.8,71.29,111.8
53,6090.34,1406.55,389.21,303.5,4165.61,1697.37,227.36,0.0373,16,tight,551.69,2012.3,348.48,376.8,291.06,287.12,148.35,0.0,149.81,93.39,330.25,547.87,72.55,188.96,161.33,0.0,120.2,182.82
54,1805.38,416.95,182.79,104.1,1088.46,405.19,311.73,0.1727,14,healthy,146.22,508.79,70.66,87.9,100.76,93.87,53.82,0.0,26.44,0.0,0.0,189.09,47.92,55.95,0.0,39.98,19.94,52.31
55,5981.79,1381.48,462.76,806.02,4036.47,1733.11,212.21,0.0355,16,tight,613.26,1936.19,248.58,409.75,253.78,172.12,218.45,184.34,0.0,398.89,225.46,545.65,131.42,0.0,132.63,192.31,60.22,46.53
56,3567.09,823.81,403.2,869.77,2378.29,861.68,327.12,0.0917,14,tight,427.01,1104.4,186.64,203.01,192.65,107.86,92.77,0.0,63.95,249.53,184.95,0.0,44.71,0.0,165.07,122.98,94.44,0.0
57,3184.78,735.52,203.37,221.98,2392.58,213.8,578.4,0.1816,11,healthy,412.46,1156.96,195.75,234.01,120.39,95.48,104.08,0.0,73.45,0.0,0.0,0.0,0.0,103.11,0.0,45.94,64.75,0.0
58,3074.08,709.95,589.0,532.41,2037.74,500.68,535.66,0.1743,15,healthy,365.21,933.85,113.92,196.65,139.98,141.28,98.65,0.0,48.2,127.16,82.57,0.0,84.95,31.38,56.07,0.0,78.03,40.52
59,5955.39,1375.38,670.1,226.78,3596.23,1480.13,879.03,0.1476,14,healthy,769.51,1299.31,309.99,396.55,378.97,169.14,153.17,0.0,119.59,274.9,0.0,437.39,127.08,197.35,277.25,0.0,166.16,0.0
60,4110.06,949.21,513.68,375.27,2402.46,749.04,958.56,0.2332,13,healthy,451.97,926.85,160.77,246.07,207.63,140.65,141.79,126.73,0.0,223.13,204.07,94.48,0.0,0.0,202.38,0.0,24.98,0.0
61,3896.74,899.94,106.78,61.0,2900.88,838.7,157.16,0.0403,16,tight,473.27,1362.09,185.41,222.06,168.1,143.97,145.09,200.89,0.0,140.96,176.08,0.0,58.89,138.83,69.34,78.05,50.62,125.93
62,7230.04,1669.76,2263.86,1360.7,4308.01,1613.45,1308.58,0.181,15,healthy,595.12,1927.02,464.0,376.5,303.26,274.11,211.49,0.0,156.51,142.24,0.0,683.83,223.82,141.08,0.0,100.52,111.49,210.47
63,3529.08,815.03,2011.62,868.3,1910.39,944.78,673.91,0.191,16,healthy,422.0,715.6,158.22,179.76,177.88,120.85,76.09,0.0,59.99,89.94,250.4,181.77,82.83,35.22,102.18,163.47,0.0,38.97
64,4345.61,1003.61,656.65,772.25,2508.47,1278.62,558.52,0.1285,17,healthy,360.18,1056.05,156.62,220.97,205.8,128.04,101.99,176.53,102.29,182.21,290.11,148.55,0.0,191.36,142.63,229.57,60.83,33.36
65,3902.81,901.34,3055.12,2351.16,2496.67,748.57,657.57,0.1685,16,healthy,505.38,920.05,223.02,247.03,177.79,122.59,140.75,160.06,0.0,0.0,51.5,285.96,44.2,45.58,60.0,99.21,100.93,61.19
66,16491.8,3808.73,2128.52,1680.42,10780.76,4685.96,1025.08,0.0622,15,tight,1326.8,5153.99,966.58,1042.32,729.0,512.19,627.98,0.0,421.9,1386.6,0.0,1687.14,216.7,0.0,214.27,806.44,222.41,152.4
67,3121.03,720.79,52.99,62.91,1962.77,1039.78,118.48,0.038,16,tight,383.59,808.52,183.07,216.28,151.49,89.89,80.21,0.0,49.72,275.75,204.72,239.8,23.74,85.56,103.96,41.56,64.69,0.0
68,4399.35,1016.02,2531.28,2021.54,2490.12,1116.68,792.55,0.1802,15,healthy,314.75,1077.95,265.34,247.72,241.22,180.63,162.51,0.0,0.0,140.64,0.0,343.47,97.86,149.19,122.45,133.59,36.82,92.66
69,2257.19,521.29,14.86,15.09,1594.47,652.84,9.88,0.0044,15,tight,181.42,811.06,87.55,175.11,146.53,108.39,84.41,0.0,0.0,89.07,145.39,146.79,23.6,115.76,30.57,55.24,46.42,0.0
70,4803.44,1109.34,79.3,79.95,3126.02,1490.73,186.69,0.0389,14,tight,450.32,1498.7,236.6,266.15,282.49,231.67,160.09,0.0,0.0,350.9,232.0,481.35,103.25,0.0,57.42,211.95,53.86,0.0
71,17046.34,3936.8,3068.72,3131.62,10437.68,4907.87,1700.79,0.0998,16,tight,1473.47,4787.64,659.97,944.5,687.43,717.4,408.16,759.11,0.0,0.0,1191.46,1346.53,112.54,160.24,614.54,770.99,430.97,280.6
72,5168.97,1193.76,0,0,3636.0,1714.56,-181.59,-0.0351,18,over,364.11,1852.4,267.98,269.72,255.62,179.03,134.32,225.55,87.27,391.56,105.43,230.56,145.27,236.33,206.15,265.32,57.37,76.57
73,6732.27,1554.8,4756.76,4051.22,4251.05,764.24,1716.98,0.255,15,healthy,745.82,1420.52,385.94,473.76,288.25,326.04,246.38,200.01,164.33,128.29,0.0,0.0,155.39,156.44,208.32,0.0,41.35,74.45
74,1933.71,446.58,527.79,526.15,1300.78,358.39,274.54,0.142,14,healthy,185.18,534.1,98.65,147.34,111.58,54.98,66.14,68.63,34.18,0.0,76.12,110.29,0.0,60.07,0.0,88.06,0.0,23.85
75,4074.73,941.05,817.37,404.28,2959.21,462.54,652.98,0.1603,14,healthy,499.53,1164.7,264.22,267.01,226.93,151.29,120.36,175.73,89.44,103.03,0.0,116.52,0.0,0.0,0.0,132.6,60.55,49.84
76,1610.43,371.92,172.58,154.45,1195.76,350.91,63.76,0.0396,17,tight,168.21,572.51,60.0,120.11,78.43,55.3,57.4,59.02,24.78,25.32,51.08,67.88,26.22,47.59,49.15,26.58,57.09,0.0
77,5222.65,1206.15,0,0,3702.51,1695.44,-175.3,-0.0336,17,over,609.75,1780.46,296.75,310.18,321.86,154.19,110.84,0.0,118.48,420.36,256.4,320.55,54.62,191.05,165.82,85.87,83.18,117.59
78,4176.04,964.44,129.61,194.61,3132.68,963.9,79.46,0.019,16,tight,417.22,1506.52,148.39,180.78,249.64,213.47,154.62,162.65,99.39,303.01,141.14,0.0,25.33,187.92,57.57,192.02,56.91,0.0
79,3006.9,694.43,1882.32,1265.8,1947.09,651.19,408.62,0.1359,15,healthy,347.08,909.26,116.36,175.8,150.72,84.5,93.09,0.0,70.28,84.26,0.0,218.16,55.81,60.65,66.86,0.0,97.99,67.46
80,3436.25,793.59,2553.83,1372.23,2225.09,478.49,732.67,0.2132,13,healthy,300.45,1061.66,187.28,206.67,153.5,125.26,107.47,0.0,82.8,259.84,0.0,0.0,41.23,0.0,69.68,76.56,0.0,31.18
81,4777.77,1103.41,1245.97,1539.8,3237.71,1019.87,520.19,0.1089,18,healthy,480.92,1495.19,173.96,272.31,265.43,139.94,117.81,184.58,107.57,336.28,112.8,118.02,45.77,99.81,44.21,51.59,139.56,71.83
82,2829.94,653.57,1027.74,512.55,1818.55,732.76,278.63,0.0985,17,tight,229.32,794.83,144.64,141.39,127.22,94.07,86.45,145.88,54.75,174.28,88.45,149.21,94.35,127.71,0.0,49.97,31.19,17.6
83,5671.33,1309.78,2646.04,3197.39,3586.31,1194.99,890.03,0.1569,15,healthy,466.94,1948.73,272.55,252.92,202.55,163.95,137.27,0.0,141.4,257.1,108.31,134.37,0.0,142.33,226.07,287.54,39.27,0.0
84,5920.27,1367.27,634.91,316.9,4123.89,1296.96,499.42,0.0844,14,tight,465.6,2069.62,336.74,451.01,305.79,166.49,181.57,0.0,147.07,375.63,0.0,0.0,70.04,280.34,318.18,130.72,0.0,122.05
85,2604.71,601.55,228.28,187.02,1521.35,686.9,396.46,0.1522,14,healthy,212.57,654.22,145.35,162.55,166.08,92.51,88.07,0.0,0.0,103.84,152.34,0.0,22.03,127.91,96.89,123.02,60.87,0.0
86,14721.04,3399.78,6826.46,3155.75,9000.92,2548.43,3171.69,0.2155,14,healthy,1715.18,3437.58,839.05,864.57,690.46,646.31,522.85,0.0,284.92,948.86,603.71,0.0,116.09,0.0,0.0,371.8,108.83,399.14
87,4347.7,1004.09,1255.95,952.37,2857.75,817.3,672.65,0.1547,13,healthy,474.86,1329.36,219.56,324.62,198.21,172.54,138.6,0.0,0.0,0.0,107.35,358.93,0.0,180.04,80.35,43.52,47.11,0.0
88,15166.41,3502.64,747.92,586.99,10207.24,3959.92,999.25,0.0659,15,tight,1430.61,4597.25,862.05,1154.18,806.79,599.98,430.63,0.0,325.75,0.0,1021.32,0.0,151.15,757.1,549.75,545.86,433.33,501.41
89,5044.09,1164.92,1711.18,1053.15,3201.94,1124.0,718.15,0.1424,16,healthy,465.18,1437.61,297.94,281.06,288.74,225.58,118.08,0.0,87.75,147.17,235.45,0.0,134.34,80.54,239.46,107.95,92.79,86.3
90,7592.52,1753.47,3012.7,1707.28,4141.94,1884.49,1566.09,0.2063,15,healthy,594.36,1640.03,444.11,346.31,444.78,324.49,166.56,0.0,181.3,164.08,368.55,410.44,265.02,128.22,0.0,386.32,0.0,161.86
91,2500.43,577.47,101.23,45.23,1645.07,831.06,24.3,0.0097,16,tight,198.65,817.6,117.17,151.62,92.66,87.08,93.69,86.6,0.0,145.32,45.98,258.12,80.72,100.61,109.13,74.13,17.05,0.0
92,9200.65,2124.86,2361.18,1961.21,5590.66,2119.72,1490.27,0.162,15,healthy,871.72,2631.3,394.71,518.56,416.42,297.03,229.4,0.0,231.52,300.08,236.94,460.43,0.0,0.0,286.78,479.44,142.27,213.78
93,2833.14,654.3,319.7,122.08,1922.56,612.63,297.95,0.1052,15,healthy,296.35,935.72,145.14,159.13,114.02,126.81,94.64,0.0,50.75,159.06,138.21,104.68,89.61,0.0,0.0,54.64,37.04,29.39
94,4268.94,985.9,0,0,2975.46,1489.44,-195.96,-0.0459,17,over,527.61,1219.67,211.73,311.23,162.09,141.61,154.12,146.14,101.26,176.45,198.96,453.12,90.99,53.48,222.19,216.8,77.45,0.0
95,2901.21,670.03,1992.86,1231.59,1816.09,565.76,519.36,0.179,14,healthy,315.3,785.47,133.15,222.69,117.55,131.89,110.04,0.0,0.0,0.0,0.0,195.42,83.99,46.37,66.5,107.9,19.87,45.71
96,2448.49,565.47,271.44,376.51,1527.03,813.69,107.77,0.044,14,tight,250.62,667.71,150.14,159.21,152.46,81.9,64.99,0.0,0.0,175.98,107.99,210.55,73.31,82.44,70.2,93.22,0.0,0.0
97,18075.75,4174.54,8104.04,2961.66,11877.45,3361.25,2837.05,0.157,14,healthy,2007.83,5798.91,856.56,877.88,978.02,624.17,440.69,0.0,293.39,1240.72,0.0,0.0,293.86,974.43,431.31,208.25,0.0,212.68
98,6995.85,1615.67,1543.39,1766.62,5034.7,1181.72,779.43,0.1114,15,healthy,813.43,2238.11,341.58,425.07,344.11,248.29,226.14,283.35,114.62,219.21,220.17,201.27,0.0,0.0,212.6,91.13,0.0,237.34
99,3304.53,763.17,1247.14,1129.72,1905.77,737.26,661.5,0.2002,16,healthy,252.61,823.52,179.57,244.88,117.78,149.98,71.74,0.0,65.69,129.79,158.34,0.0,64.38,97.26,138.84,83.87,26.11,38.67
100,4644.05,1072.53,2013.06,2361.72,2186.67,1182.42,1274.96,0.2745,14,healthy,351.9,944.39,187.43,212.95,166.96,173.35,149.69,0.0,0.0,74.22,314.41,350.64,151.92,54.0,195.26,0.0,0.0,41.97
101,3437.99,793.99,776.64,720.27,2127.01,1128.97,182.01,0.0529,16,tight,277.56,913.65,186.2,201.17,211.38,111.15,93.08,132.82,0.0,135.28,130.07,236.13,116.15,100.17,183.03,184.63,43.51,0.0
102,5141.34,1187.38,1346.96,758.51,3107.58,1219.2,814.56,0.1584,15,healthy,536.22,1405.34,220.82,262.18,226.29,214.18,115.11,0.0,127.44,113.88,0.0,269.1,82.42,261.49,219.26,192.94,0.0,80.11
103,2231.58,515.38,309.38,128.59,1400.47,425.15,405.96,0.1819,15,healthy,208.82,660.5,92.97,125.4,83.61,65.13,50.27,69.47,44.3,0.0,125.28,0.0,35.04,0.0,62.62,79.72,79.5,42.99
104,4311.98,995.84,277.69,277.98,2975.93,1210.8,125.25,0.029,15,tight,490.31,1380.91,231.25,310.32,195.32,152.31,116.31,0.0,99.2,385.59,149.18,176.75,0.0,91.45,51.74,215.94,0.0,140.15
105,14846.62,3428.78,4768.72,6077.97,8604.54,4089.87,2152.21,0.145,15,healthy,1571.16,3405.98,769.35,644.8,655.45,680.95,494.65,0.0,382.2,0.0,523.05,1528.79,0.0,396.08,481.5,592.28,279.03,289.14
106,9450.35,2182.53,1848.52,970.5,6389.13,2200.52,860.7,0.0911,16,tight,836.73,2683.89,613.05,446.3,590.77,391.02,218.6,429.51,179.26,803.59,268.65,0.0,0.0,345.31,183.25,237.85,199.14,162.73
107,3112.88,718.91,0,0,2342.82,845.95,-75.89,-0.0244,15,over,398.85,1107.04,171.64,153.66,198.11,133.28,113.95,0.0,66.29,138.71,137.48,66.82,100.64,0.0,165.83,135.2,0.0,101.27
108,4109.09,948.98,0,0,2933.99,1205.15,-30.05,-0.0073,16,over,415.09,1378.28,232.9,287.78,229.63,155.84,99.5,134.97,0.0,341.21,79.77,208.19,122.19,107.0,205.68,64.73,0.0,76.38
109,9841.74,2272.92,3755.8,3020.48,5368.59,1888.03,2585.12,0.2627,15,healthy,691.01,1949.17,491.68,628.76,408.49,382.74,313.18,341.25,162.31,0.0,203.95,711.52,0.0,0.0,160.03,398.53,344.36,69.64
110,1927.32,445.11,133.82,117.57,1182.98,528.61,215.73,0.1119,16,healthy,198.57,421.31,83.31,117.34,102.84,87.73,74.72,97.16,0.0,74.65,64.05,124.83,21.95,102.28,0.0,27.58,69.32,43.95
111,2601.75,600.87,112.86,93.16,1711.83,649.57,240.35,0.0924,12,tight,229.01,845.21,117.07,162.56,156.0,124.91,77.07,0.0,0.0,0.0,166.29,237.47,0.0,89.54,25.59,130.68,0.0,0.0
112,4331.94,1000.45,2061.73,1337.63,2316.48,458.93,1556.53,0.3593,11,healthy,460.66,934.1,191.68,292.64,162.9,159.93,114.57,0.0,0.0,0.0,0.0,0.0,129.83,0.0,133.24,102.79,0.0,93.07
113,8089.38,1868.22,659.97,761.74,4826.41,1339.19,1923.78,0.2378,14,healthy,568.25,2519.24,304.26,353.2,443.05,338.63,299.78,0.0,0.0,388.97,0.0,156.7,98.67,124.34,161.93,196.11,0.0,212.47
114,9565.1,2209.03,1947.77,1583.1,6244.56,2347.45,973.09,0.1017,17,healthy,1030.8,2591.19,430.14,662.89,357.32,443.31,216.87,290.15,221.89,246.58,323.37,456.55,197.28,0.0,450.13,333.45,262.35,77.74
115,5095.9,1176.88,754.14,1195.73,3284.9,874.95,936.05,0.1837,14,healthy,654.48,1290.48,268.71,293.9,261.6,223.72,192.38,0.0,99.63,143.77,0.0,0.0,148.5,197.25,249.33,45.91,0.0,90.19
116,3691.52,852.55,380.1,692.25,2773.46,712.28,205.78,0.0557,13,tight,408.92,1304.45,230.55,232.48,185.73,178.89,137.4,0.0,95.04,64.01,182.78,211.03,0.0,0.0,173.32,81.14,0.0,0.0
117,4873.47,1125.51,1200.22,1032.11,3308.83,1213.45,351.19,0.0721,15,tight,630.69,1481.03,237.25,310.73,196.84,201.03,133.51,0.0,117.75,223.25,344.54,137.36,50.02,259.58,61.02,0.0,137.68,0.0
118,5807.17,1341.15,1296.02,1324.4,3584.36,1138.77,1084.04,0.1867,16,healthy,592.92,1581.16,303.24,317.68,254.58,259.45,153.74,0.0,121.59,214.18,0.0,170.81,78.76,119.42,290.11,148.89,75.99,40.61
119,9011.05,2081.07,0,0,6169.67,3113.12,-271.74,-0.0302,17,over,854.04,2766.32,360.6,651.55,386.87,263.67,266.48,451.81,168.33,428.97,314.67,937.4,149.71,345.51,406.44,268.07,0.0,262.35
120,5345.6,1234.55,691.21,417.07,3050.2,1703.05,592.35,0.1108,15,healthy,640.94,1135.48,258.61,279.03,190.9,270.06,192.65,0.0,82.53,0.0,352.77,527.31,106.96,270.07,265.41,87.07,93.46,0.0
121,12006.69,2772.91,6557.45,8873.69,6279.5,2562.4,3164.79,0.2636,15,healthy,1123.33,2572.02,575.59,550.21,513.52,356.49,420.12,0.0,168.22,316.62,146.76,732.8,364.62,0.0,480.46,0.0,429.22,91.92
122,10804.57,2495.28,4225.78,2394.65,6681.22,2094.13,2029.22,0.1878,13,healthy,1054.29,3293.55,390.91,528.09,668.73,395.69,349.96,0.0,0.0,642.56,0.0,493.71,210.46,0.0,0.0,118.06,281.13,348.21
123,7955.58,1837.32,3145.03,2286.8,5060.54,1077.22,1817.82,0.2285,12,healthy,565.99,2385.77,433.29,515.33,474.33,339.45,176.23,0.0,170.15,0.0,494.48,229.71,124.49,0.0,0.0,0.0,0.0,228.54
124,10406.99,2403.46,2200.41,2343.08,6524.88,2170.05,1712.06,0.1645,15,healthy,790.92,3110.54,369.12,439.47,392.08,512.92,369.79,342.89,197.15,185.47,718.26,513.14,0.0,0.0,138.47,346.42,268.29,0.0
125,4352.65,1005.23,1565.3,1495.2,2950.51,745.13,657.01,0.1509,13,healthy,479.7,1324.67,209.1,308.96,158.0,218.49,152.95,0.0,98.64,130.16,255.67,0.0,139.71,0.0,134.06,0.0,85.53,0.0
126,3003.84,693.73,254.29,154.76,1687.08,833.53,483.23,0.1609,15,healthy,216.07,730.36,147.09,208.38,131.73,141.39,112.06,0.0,0.0,162.6,0.0,179.18,96.66,57.1,150.55,33.01,63.46,90.97
127,4024.85,929.53,948.61,392.56,2474.71,956.53,593.61,0.1475,14,healthy,458.46,878.61,219.07,238.56,225.79,184.88,117.48,151.86,0.0,251.57,0.0,193.04,56.72,180.11,0.0,169.48,105.61,0.0
128,3472.26,801.91,0,0,2520.44,987.04,-35.22,-0.0101,15,over,389.92,1131.82,156.4,226.96,199.9,155.78,120.47,139.19,0.0,169.91,139.6,343.58,90.97,169.24,44.89,0.0,28.85,0.0
129,5254.55,1213.52,749.75,1457.61,3185.0,1023.75,1045.8,0.199,15,healthy,460.25,1507.85,238.56,342.64,193.82,176.43,171.32,0.0,94.13,410.61,104.66,0.0,107.86,58.48,86.63,114.74,140.77,0.0
130,4881.78,1127.43,0,0,3396.42,1628.75,-143.39,-0.0294,17,over,450.0,1536.76,314.1,283.84,249.02,139.61,170.05,154.97,98.07,401.27,349.73,407.97,45.74,0.0,69.61,92.35,118.36,143.72
131,5343.12,1233.98,696.17,1073.34,3219.32,1252.78,871.02,0.163,16,healthy,402.04,1221.8,284.0,399.15,210.73,197.01,139.58,261.72,103.29,195.82,199.99,0.0,45.86,256.68,0.0,229.89,178.63,145.91
132,3235.88,747.32,458.61,542.53,2211.32,753.9,270.66,0.0836,16,tight,386.26,952.37,185.08,228.08,142.41,140.04,106.74,0.0,70.34,168.2,109.07,133.36,98.85,31.68,50.4,81.16,81.18,0.0
133,5532.88,1277.8,1917.99,1107.32,3612.73,661.14,1259.01,0.2276,11,healthy,448.13,1784.05,338.45,368.82,307.43,167.66,198.19,0.0,0.0,224.21,0.0,0.0,0.0,0.0,202.53,182.29,52.11,0.0
134,3043.85,702.97,2432.57,2127.99,1897.78,620.17,525.9,0.1728,13,healthy,362.28,902.22,137.77,131.0,126.84,95.63,70.79,0.0,71.25,218.55,0.0,195.46,0.0,36.46,134.56,0.0,35.14,0.0
135,2740.84,632.99,1302.25,934.42,1558.29,388.77,793.78,0.2896,12,healthy,274.18,648.55,104.09,116.5,111.68,136.05,105.59,0.0,61.65,131.49,0.0,142.98,0.0,0.0,39.91,0.0,74.39,0.0
136,5472.35,1263.82,37.3,39.35,3467.87,1916.78,87.7,0.016,17,tight,608.64,1280.24,353.23,398.63,323.27,201.48,181.34,0.0,121.04,367.35,358.69,196.55,99.21,172.17,195.43,281.53,188.82,57.03
137,4269.22,985.96,883.38,893.69,2357.66,1372.7,538.86,0.1262,17,healthy,324.36,885.7,273.92,283.7,229.08,127.38,148.64,0.0,84.88,339.3,59.32,224.25,84.49,203.71,132.84,132.07,110.16,86.56
138,4755.6,1098.29,2085.54,3202.86,2789.22,476.83,1489.55,0.3132,13,healthy,525.92,1159.35,250.69,262.46,249.77,204.51,136.52,0.0,0.0,0.0,0.0,121.98,44.86,50.79,152.96,0.0,31.71,74.53
139,3254.15,751.54,1917.25,832.58,2228.81,609.84,415.5,0.1277,15,healthy,377.14,973.94,156.46,235.94,195.93,113.56,126.69,0.0,49.15,0.0,52.19,120.0,49.0,108.36,120.81,55.73,103.75,0.0
140,5617.87,1297.43,722.57,409.32,4095.26,598.48,924.13,0.1645,13,healthy,680.7,1983.21,206.72,329.49,322.42,271.11,204.96,0.0,96.65,0.0,147.01,0.0,0.0,129.07,157.25,0.0,38.63,126.52
141,2359.58,544.94,74.89,86.77,1613.67,668.14,77.77,0.033,16,tight,177.05,806.23,111.4,154.95,149.34,74.03,80.75,0.0,59.92,191.93,0.0,112.41,67.13,36.56,67.9,73.3,36.56,82.35
142,6084.3,1405.15,0.08,0.05,4894.84,1189.4,0.06,0.0,15,tight,778.84,2052.64,384.68,428.32,313.84,310.32,216.73,295.6,113.87,132.46,0.0,0.0,203.68,264.69,0.0,280.14,111.89,196.54
143,3403.17,785.95,181.28,263.32,2112.76,1080.06,210.35,0.0618,15,tight,404.31,926.17,124.44,220.15,133.01,146.61,76.5,0.0,81.57,226.07,138.51,271.81,40.7,0.0,175.31,0.0,114.66,113.0
144,2118.0,489.15,560.36,486.55,1562.38,341.49,214.13,0.1011,14,healthy,224.56,756.02,110.17,129.05,133.11,84.42,52.22,72.83,0.0,64.59,117.77,0.0,14.54,0.0,42.74,27.23,74.62,0.0
145,2642.92,610.37,1277.46,516.41,1557.72,616.81,468.39,0.1772,15,healthy,194.32,622.28,171.53,203.03,151.83,90.11,69.89,0.0,54.73,139.5,52.63,81.3,0.0,0.0,123.06,57.44,76.24,86.64
146,8629.68,1993.0,7131.91,2360.3,5129.08,1635.01,1865.59,0.2162,14,healthy,1017.38,1906.89,311.32,581.77,559.69,250.08,291.36,0.0,210.59,0.0,197.1,367.21,202.85,299.32,0.0,340.54,0.0,227.99
147,2543.31,587.37,294.92,187.95,1618.87,512.56,411.88,0.1619,15,healthy,248.27,703.54,109.55,136.98,136.5,129.04,94.92,0.0,60.07,180.04,44.64,0.0,45.7,0.0,68.93,40.53,71.41,61.31
148,5770.83,1332.76,949.9,288.91,3529.45,853.29,1388.09,0.2405,13,healthy,568.92,1541.24,342.37,332.56,208.98,225.78,192.47,0.0,117.13,479.21,0.0,0.0,180.3,64.33,0.0,0.0,50.96,78.49
149,7851.52,1813.28,558.49,723.71,4572.39,1898.83,1380.3,0.1758,15,healthy,919.97,1598.6,440.72,534.43,380.79,284.16,279.36,0.0,134.36,128.32,0.0,466.5,222.4,357.96,410.96,101.63,0.0,211.06
150,4871.58,1125.08,1735.19,2011.48,2818.28,1442.38,610.92,0.1254,16,healthy,524.01,1111.08,238.23,208.43,192.78,249.1,177.7,0.0,116.95,0.0,266.89,410.87,71.73,173.42,222.88,159.66,38.52,98.41
151,1788.01,412.94,173.78,95.25,1144.82,272.55,370.64,0.2073,14,healthy,145.78,420.17,111.34,113.86,97.82,62.65,68.44,81.59,43.17,127.3,0.0,0.0,16.14,40.52,0.0,0.0,29.88,58.71
152,3342.97,772.05,889.53,264.14,2529.33,488.81,324.83,0.0972,13,tight,331.56,1096.02,194.24,248.27,204.64,101.96,127.14,154.24,71.26,0.0,141.87,0.0,0.0,139.66,105.07,0.0,102.21,0.0
153,7894.65,1823.24,469.58,305.58,4781.05,2752.47,361.13,0.0457,18,tight,688.46,1900.16,374.59,401.34,401.75,247.2,296.25,318.86,152.44,424.74,284.99,421.53,83.14,419.22,416.6,320.01,121.66,260.58
154,3316.64,765.97,3263.78,1797.19,2131.96,478.85,705.83,0.2128,11,healthy,389.05,1038.69,193.85,162.86,119.76,150.58,77.17,0.0,0.0,179.44,0.0,0.0,78.85,138.28,0.0,0.0,82.28,0.0
155,4010.43,926.2,268.4,190.08,2673.48,976.36,360.59,0.0899,15,tight,362.3,1288.52,226.35,264.52,168.5,176.49,125.57,0.0,61.23,0.0,157.44,220.91,39.71,0.0,108.77,193.46,143.97,112.1
156,6517.54,1505.21,2846.51,2230.96,3818.91,1653.41,1045.22,0.1604,15,healthy,731.72,1406.71,320.66,495.25,414.21,246.41,203.95,0.0,0.0,246.0,133.8,0.0,212.94,202.02,313.94,224.59,132.02,188.1
157,2227.86,514.52,172.94,85.0,1408.14,582.76,236.96,0.1064,16,healthy,167.87,670.06,138.14,97.25,107.59,67.11,47.76,78.89,33.47,160.01,127.04,0.0,48.91,40.69,78.15,52.18,75.78,0.0
158,2671.97,617.08,2109.05,885.67,1337.62,660.29,674.06,0.2523,13,healthy,202.96,588.36,100.7,151.4,142.77,76.56,74.87,0.0,0.0,205.96,0.0,189.02,46.9,0.0,72.99,52.15,93.27,0.0
159,4891.96,1129.78,0,0,3574.94,1568.3,-251.28,-0.0514,17,over,590.83,1602.23,250.53,248.64,312.32,141.87,187.36,156.63,84.53,439.99,0.0,211.91,39.62,226.85,237.37,220.58,122.57,69.41
160,4031.75,931.12,2770.54,772.13,2332.48,815.41,883.86,0.2192,14,healthy,449.58,791.61,250.14,229.3,226.18,164.96,131.77,0.0,88.94,306.25,91.25,75.63,77.96,0.0,203.45,0.0,60.87,0.0
161,5408.1,1248.98,0,0,3952.18,1882.52,-426.6,-0.0789,18,over,575.21,1954.26,207.28,324.55,220.71,238.67,130.64,167.97,132.89,424.94,284.83,527.18,141.63,127.27,78.29,174.55,40.07,83.76
162,2237.44,516.73,664.95,1274.37,1253.64,575.98,407.82,0.1823,14,healthy,287.93,466.52,89.35,144.39,110.52,94.48,60.45,0.0,0.0,42.7,153.53,194.16,19.17,0.0,105.49,0.0,43.09,17.84
163,5234.6,1208.91,677.6,642.48,3358.25,969.75,906.6,0.1732,12,healthy,495.54,1718.49,254.41,300.55,199.14,231.47,158.65,0.0,0.0,311.29,102.4,321.03,0.0,0.0,0.0,0.0,111.97,123.06
164,3053.24,705.14,699.22,199.42,2054.65,508.28,490.31,0.1606,13,healthy,215.2,946.37,153.31,222.62,124.76,152.07,82.88,157.44,0.0,266.34,66.37,66.55,0.0,0.0,0.0,60.33,48.69,0.0
165,1857.89,429.07,659.16,521.73,1164.6,423.75,269.54,0.1451,13,healthy,191.89,501.63,115.9,143.26,80.86,63.7,67.36,0.0,0.0,41.97,0.0,181.42,0.0,47.62,0.0,83.53,50.77,18.44
166,5953.96,1375.05,1264.68,1441.88,3901.27,1512.86,539.83,0.0907,14,tight,504.14,1783.17,304.04,320.3,350.5,288.39,219.97,0.0,130.76,424.82,249.56,307.52,124.1,300.42,0.0,0.0,0.0,106.44
167,3325.83,768.09,2258.28,1306.09,2022.57,644.75,658.51,0.198,13,healthy,259.61,900.23,174.67,214.05,163.05,157.34,92.73,0.0,60.89,177.79,224.81,0.0,0.0,0.0,0.0,75.23,47.35,119.57
168,7127.38,1646.05,0,0,5063.18,2064.7,-0.5,-0.0001,15,over,647.15,2529.48,411.49,467.18,452.9,238.5,176.6,0.0,139.88,152.81,488.34,675.43,0.0,162.14,275.46,0.0,203.7,106.82
169,3928.96,907.38,2275.3,1708.67,2389.79,736.82,802.35,0.2042,15,healthy,352.89,1168.1,239.7,193.9,200.51,120.24,114.45,0.0,0.0,68.37,91.16,171.08,31.82,65.73,63.13,119.92,125.61,0.0
170,3362.64,776.59,80.92,69.97,2094.94,1143.02,124.68,0.0371,14,tight,297.99,1064.0,138.04,195.19,178.71,120.68,100.33,0.0,0.0,282.18,200.21,317.72,0.0,95.65,135.96,36.87,0.0,74.43
171,3240.23,748.32,342.72,110.85,2346.26,354.85,539.12,0.1664,13,healthy,419.75,1176.89,123.65,174.12,138.0,126.67,108.54,0.0,78.64,0.0,0.0,153.72,26.07,0.0,49.61,54.04,0.0,71.41
172,3160.99,730.02,1488.36,1144.47,2067.56,465.07,628.36,0.1988,12,healthy,255.02,1093.63,152.55,204.98,173.46,96.3,91.62,0.0,0.0,0.0,0.0,113.79,0.0,0.0,125.17,42.18,87.62,96.31
173,5877.85,1357.47,3043.6,964.18,3319.91,1624.77,933.17,0.1588,15,healthy,454.05,1504.17,276.64,329.22,217.37,256.27,130.56,0.0,151.63,524.84,0.0,423.13,154.81,140.72,137.01,141.55,102.71,0.0
174,2258.94,521.7,499.0,170.49,1371.74,562.81,324.39,0.1436,15,healthy,174.94,605.37,84.44,135.43,104.53,76.17,87.63,70.53,32.7,171.58,0.0,110.34,0.0,120.8,42.94,38.97,0.0,78.18
175,3323.27,767.5,267.4,558.38,2110.4,770.29,442.58,0.1332,15,healthy,391.2,934.66,162.88,163.21,176.72,139.03,81.83,0.0,60.87,155.19,70.96,287.71,0.0,74.82,56.18,72.27,53.16,0.0
176,7497.03,1731.42,597.74,455.35,4825.22,1799.82,871.99,0.1163,14,healthy,706.77,1966.48,348.77,581.4,461.44,232.31,179.35,348.7,0.0,469.49,0.0,421.06,252.23,76.99,0.0,386.04,0.0,194.01
177,13976.67,3227.87,871.0,780.19,9294.03,3392.19,1290.45,0.0923,15,tight,1469.92,3956.99,666.52,714.25,894.92,519.75,397.07,421.18,253.43,1184.54,995.44,0.0,0.0,455.95,233.11,250.34,272.81,0.0
178,3974.42,917.88,263.26,273.57,2774.5,701.76,498.16,0.1253,14,healthy,486.06,1388.58,214.99,179.19,146.77,133.68,137.87,0.0,87.36,0.0,0.0,205.93,55.54,143.86,97.13,0.0,71.36,127.94
179,9551.88,2205.98,1979.27,1929.46,6604.16,2026.5,921.22,0.0964,15,tight,748.22,3266.68,534.69,527.87,523.12,362.16,370.15,271.27,0.0,376.48,343.98,0.0,324.23,454.38,212.28,0.0,221.19,93.96
180,14668.03,3387.54,3031.53,3926.18,9311.45,4103.54,1253.04,0.0854,17,tight,1815.67,4063.1,620.47,1114.63,559.79,420.99,394.23,0.0,322.57,952.11,608.99,559.48,116.46,622.42,650.21,286.05,137.02,170.8
181,15769.17,3641.84,899.14,312.92,9541.41,5536.33,691.43,0.0438,15,tight,1105.43,4509.69,1015.46,869.51,928.74,669.23,443.35,0.0,0.0,1226.7,758.31,1421.07,240.74,0.0,643.28,493.2,558.77,194.26
182,6716.08,1551.06,330.35,467.74,5020.38,1357.42,338.28,0.0504,13,tight,666.57,2427.05,406.02,414.56,371.65,310.18,204.85,219.5,0.0,0.0,314.48,549.8,0.0,0.0,148.42,0.0,188.45,156.27
183,4336.45,1001.49,1214.36,517.75,2355.45,1289.9,691.1,0.1594,15,healthy,318.21,1195.17,167.05,234.97,171.1,146.92,122.03,0.0,0.0,317.38,75.35,227.2,27.53,0.0,216.31,231.7,38.32,156.11
184,2408.88,556.32,436.23,285.21,1825.51,423.35,160.02,0.0664,15,tight,283.56,801.1,124.49,171.61,121.8,108.72,55.96,119.34,38.93,58.36,0.0,0.0,75.98,76.55,67.54,0.0,82.83,62.09
185,19967.97,4611.54,2815.56,4397.68,12524.14,5329.92,2113.91,0.1059,16,healthy,2123.99,6221.47,725.68,940.5,827.8,823.65,519.02,0.0,342.03,0.0,1371.48,616.85,281.19,821.66,639.26,463.99,697.29,438.2
186,3000.28,692.91,290.62,186.04,1772.24,1000.68,227.36,0.0758,15,tight,259.21,701.85,138.96,166.91,188.32,136.45,107.36,0.0,73.18,246.75,106.13,315.4,94.48,0.0,0.0,48.0,84.2,105.72
187,4877.92,1126.54,3592.75,1714.9,2862.94,950.2,1064.78,0.2183,13,healthy,445.06,1191.12,246.9,367.1,263.74,172.36,176.66,0.0,0.0,0.0,83.29,442.68,128.34,0.0,194.29,71.27,0.0,30.33
188,9803.47,2264.08,501.14,592.28,6219.17,2528.95,1055.35,0.1077,15,healthy,1170.54,2791.29,521.75,649.81,497.09,292.17,296.52,0.0,0.0,230.31,0.0,852.68,145.15,339.18,499.9,103.86,202.42,155.45
189,4017.73,927.88,3767.66,3074.01,2445.73,747.69,824.31,0.2052,15,healthy,385.09,1144.61,190.13,169.74,170.77,148.59,148.91,0.0,87.89,0.0,49.61,112.34,0.0,96.04,207.62,57.64,106.28,118.16
190,2664.6,615.38,980.38,529.78,1480.23,543.22,641.15,0.2406,12,healthy,203.77,591.91,154.6,176.98,171.32,102.38,79.27,0.0,0.0,89.82,190.93,95.55,72.05,0.0,94.87,0.0,0.0,0.0
191,4181.87,965.79,4307.48,2282.09,2249.14,502.52,1430.21,0.342,12,healthy,305.52,1034.96,175.4,247.76,227.14,144.12,114.24,0.0,0.0,0.0,0.0,155.06,37.73,106.06,0.0,0.0,133.23,70.44
192,3376.49,779.79,476.46,283.41,2062.19,958.92,355.38,0.1053,15,healthy,254.03,1018.89,122.33,249.27,137.72,102.53,108.53,0.0,68.89,0.0,184.69,317.91,57.33,0.0,103.75,150.56,118.26,26.42
193,5740.51,1325.75,389.88,323.71,4138.48,1097.8,504.23,0.0878,13,tight,736.46,1849.15,335.14,297.21,228.47,256.73,202.25,233.07,0.0,323.83,0.0,0.0,0.0,0.0,291.19,217.61,126.51,138.66
194,2700.42,623.65,0,0,2046.7,829.4,-175.68,-0.0651,16,over,334.58,976.29,95.36,184.43,115.25,118.22,102.36,120.21,0.0,162.9,84.94,257.19,75.33,0.0,84.57,45.72,30.82,87.93
195,1745.25,403.06,224.39,297.44,980.2,405.45,359.6,0.206,15,healthy,217.37,371.47,99.13,111.2,62.17,80.84,38.02,0.0,0.0,27.95,32.07,142.54,39.94,0.0,27.84,64.99,15.85,54.27
196,2155.36,497.77,937.53,1028.09,1291.59,498.78,364.99,0.1693,16,healthy,180.09,561.77,128.64,103.68,82.02,78.85,49.85,106.69,0.0,129.25,0.0,97.3,19.65,109.89,26.81,33.82,38.19,43.87
197,1823.05,421.03,829.43,1531.21,1062.64,385.68,374.73,0.2056,16,healthy,141.57,465.31,90.13,116.04,71.37,91.37,56.29,0.0,30.56,99.39,45.87,66.16,36.86,0.0,46.0,27.84,41.1,22.46
198,7509.84,1734.37,576.44,708.24,4161.22,2320.64,1027.98,0.1369,15,healthy,537.56,1940.87,412.16,541.83,269.65,224.51,234.64,0.0,0.0,534.02,275.55,605.08,0.0,78.45,71.26,363.63,252.14,140.51
199,1711.86,395.35,114.1,98.65,1001.23,585.86,124.77,0.0729,15,tight,183.41,388.34,88.64,122.22,75.99,81.92,60.71,0.0,0.0,0.0,107.5,114.25,49.12,64.58,90.63,76.28,58.73,24.77
200,2694.28,622.24,73.44,87.64,1827.51,824.09,42.68,0.0158,16,tight,297.67,933.89,134.89,115.47,132.85,77.86,89.67,0.0,45.21,68.88,113.42,175.38,26.77,138.23,107.04,97.83,96.54,0.0
201,6348.67,1466.21,961.54,955.94,4136.05,1555.71,656.91,0.1035,14,healthy,480.26,2240.58,275.55,287.04,369.23,249.87,233.52,0.0,0.0,114.08,402.63,0.0,199.0,252.05,307.26,241.09,0.0,39.6
202,6892.21,1591.73,1405.6,981.04,4098.19,983.43,1810.59,0.2627,11,healthy,843.96,1754.91,351.87,316.55,263.63,258.64,194.55,0.0,114.08,0.0,308.12,0.0,0.0,368.4,0.0,306.91,0.0,0.0
203,3453.53,797.58,915.34,1757.26,1921.87,676.53,855.13,0.2476,14,healthy,259.07,911.91,194.67,210.31,147.76,104.36,93.79,0.0,0.0,174.98,0.0,172.42,21.74,43.17,81.39,146.52,36.31,0.0
204,5041.38,1164.29,154.63,55.41,3451.65,1369.77,219.96,0.0436,17,tight,354.01,1693.21,244.41,229.42,324.52,207.23,140.13,258.72,0.0,81.74,322.97,297.64,112.28,71.09,85.52,131.94,96.42,170.17
205,5232.52,1208.43,1440.04,895.3,3258.76,1345.93,627.83,0.12,14,healthy,495.4,1686.39,198.79,329.25,228.65,174.5,145.78,0.0,0.0,437.19,283.77,0.0,66.55,109.37,144.74,144.71,0.0,159.6
206,4860.04,1122.41,670.75,381.18,3182.59,1086.7,590.75,0.1216,15,healthy,502.26,1455.74,177.62,279.2,227.03,183.1,115.92,150.82,90.9,378.11,85.51,0.0,51.48,256.42,0.0,258.8,56.38,0.0
207,9144.19,2111.82,7012.91,2366.96,5409.16,1397.38,2337.65,0.2556,13,healthy,1062.76,2214.67,492.15,574.77,445.99,279.54,339.28,0.0,0.0,405.18,0.0,0.0,75.82,211.33,156.29,0.0,221.29,327.47
208,4509.0,1041.34,533.06,366.17,2549.71,1076.22,883.07,0.1958,14,healthy,348.52,1289.78,260.75,248.62,161.81,135.27,104.96,0.0,0.0,288.1,172.08,182.65,124.1,0.0,159.8,0.0,85.69,63.8
209,4747.92,1096.52,1862.32,2356.63,2872.78,1027.59,847.55,0.1785,16,healthy,512.59,1064.0,239.02,249.57,258.06,173.08,115.08,173.71,87.67,0.0,60.08,425.28,83.4,64.72,231.47,0.0,88.56,74.08
210,4248.19,981.11,383.24,626.15,2631.61,1059.56,557.02,0.1311,15,healthy,341.0,1105.88,185.02,309.35,264.87,204.76,157.71,0.0,63.02,294.16,153.02,310.58,83.41,61.44,43.83,0.0,0.0,113.12
211,9264.59,2139.63,1289.34,534.38,5953.38,2856.74,454.47,0.0491,16,tight,947.34,2887.07,569.77,405.12,397.58,435.43,311.07,0.0,0.0,241.79,608.93,601.82,191.81,284.62,379.96,184.41,248.74,114.66
212,1708.66,394.61,352.1,136.86,1206.0,425.85,76.81,0.045,15,tight,180.13,581.32,75.79,81.23,106.66,62.75,62.57,55.55,0.0,137.09,0.0,145.33,19.84,50.18,21.84,0.0,36.29,15.28
213,2764.97,638.56,902.01,501.85,1690.61,466.4,607.96,0.2199,13,healthy,239.32,782.84,100.91,127.19,171.03,93.27,71.78,104.27,0.0,184.91,0.0,0.0,75.14,0.0,0.0,102.29,73.65,30.41
214,4668.11,1078.09,622.3,964.25,2703.65,1471.28,493.18,0.1056,16,healthy,376.49,975.33,282.84,359.0,231.77,142.96,145.7,189.56,0.0,0.0,262.21,499.87,79.02,191.2,222.03,65.69,30.91,120.35
215,4861.44,1122.73,955.64,1018.35,3451.52,664.44,745.48,0.1533,14,healthy,400.48,1704.76,185.89,313.88,303.22,238.34,181.75,0.0,123.2,0.0,263.05,0.0,111.82,67.86,75.95,107.17,0.0,38.59
216,4106.39,948.36,1921.71,1715.2,2535.84,875.49,695.06,0.1693,15,healthy,362.8,1260.34,174.7,214.35,225.68,130.26,106.24,0.0,61.47,170.82,153.39,0.0,61.85,162.41,163.23,0.0,61.73,102.06
217,2026.57,468.03,46.94,61.31,1507.81,461.76,57.0,0.0281,17,tight,226.24,630.48,92.46,155.26,126.41,94.04,47.69,84.97,50.26,0.0,39.62,175.62,17.31,28.02,69.8,29.31,55.75,46.33
218,7203.57,1663.64,1171.6,1070.21,3536.22,2884.37,782.98,0.1087,16,healthy,638.62,1419.71,400.76,302.58,278.28,237.02,259.25,0.0,0.0,638.98,322.74,686.78,180.71,277.96,242.04,281.22,187.52,66.42
219,1889.43,436.36,690.28,455.72,1234.2,428.44,226.79,0.12,15,healthy,198.07,576.8,91.32,103.48,116.15,53.32,56.7,0.0,38.36,0.0,0.0,129.77,19.27,95.52,58.13,32.33,48.69,44.73
220,2352.03,543.19,2007.43,844.05,1325.73,456.28,570.02,0.2424,12,healthy,187.11,502.97,115.94,181.87,134.02,116.65,87.17,0.0,0.0,55.47,0.0,170.74,36.76,125.83,0.0,67.48,0.0,0.0
221,5258.23,1214.37,2944.6,1730.16,3618.92,870.39,768.92,0.1462,15,healthy,579.03,1746.16,240.76,324.31,213.27,262.18,157.39,0.0,95.82,133.25,181.76,0.0,78.59,0.0,125.63,265.55,42.27,43.34
222,2584.97,596.99,156.21,43.49,1663.95,716.99,204.03,0.0789,14,tight,289.13,711.19,110.87,140.03,116.42,81.01,88.43,126.87,0.0,214.09,36.5,185.67,0.0,133.38,0.0,0.0,65.94,81.41
223,6784.7,1566.91,2313.9,1120.54,4350.85,1361.31,1072.54,0.1581,13,healthy,722.49,2108.98,335.61,377.09,380.22,208.79,217.67,0.0,0.0,222.96,0.0,581.67,50.02,137.37,0.0,147.34,221.95,0.0
224,1750.2,404.2,41.07,78.11,1190.42,435.26,124.52,0.0711,14,tight,179.6,559.22,109.31,118.44,102.22,76.47,45.16,0.0,0.0,118.86,42.38,67.81,0.0,80.05,70.75,24.75,0.0,30.66
225,2528.27,583.9,130.81,110.87,1513.5,921.75,93.02,0.0368,17,tight,235.02,590.88,138.56,166.3,146.36,126.01,68.4,0.0,41.97,155.78,171.19,171.41,36.97,70.98,52.35,135.69,36.46,90.92
226,4723.39,1090.85,2435.52,3976.2,3314.94,427.91,980.54,0.2076,13,healthy,517.46,1568.76,182.94,252.96,190.65,182.12,181.31,156.95,81.79,93.54,134.93,0.0,49.15,0.0,0.0,0.0,150.29,0.0
227,19752.82,4561.85,3557.28,5068.29,12178.66,3948.31,3625.85,0.1836,15,healthy,1401.8,6690.28,717.86,907.26,758.42,649.8,709.6,0.0,343.64,830.04,681.14,410.94,207.45,0.0,0.0,814.01,540.94,463.79
228,1577.31,364.27,65.84,36.22,1073.67,457.02,46.62,0.0296,16,tight,198.95,442.57,81.15,107.87,80.18,62.05,45.64,55.26,0.0,66.48,29.85,153.35,33.39,57.15,54.6,0.0,46.2,16.0
229,5010.05,1157.06,1724.99,1370.05,3232.89,994.43,782.73,0.1562,14,healthy,395.31,1723.87,202.39,240.5,290.41,196.78,183.63,0.0,0.0,0.0,219.23,147.65,0.0,121.02,182.34,61.72,166.92,95.55
230,9665.37,2232.19,3065.74,2225.72,6984.78,1394.2,1286.39,0.1331,13,healthy,1219.74,3348.69,445.56,537.95,485.78,489.79,254.7,0.0,202.57,378.98,0.0,0.0,271.01,0.0,337.13,0.0,92.37,314.71
231,16664.34,3848.58,1881.66,968.4,11325.24,4889.22,449.88,0.027,16,tight,1307.49,5614.48,596.93,1275.75,982.69,799.56,410.88,0.0,337.46,386.95,644.32,1596.53,158.21,0.0,695.42,357.05,488.45,562.29
232,8644.52,1996.42,1019.75,847.3,6239.16,1738.59,666.77,0.0771,15,tight,1060.29,2615.79,338.05,656.6,371.36,410.89,225.51,439.32,121.35,264.88,240.18,651.75,98.56,0.0,266.5,216.72,0.0,0.0
233,3137.3,724.55,309.08,215.47,2124.93,861.62,150.75,0.0481,16,tight,252.78,963.1,147.27,231.41,191.13,139.59,81.01,118.64,0.0,143.83,86.72,118.3,0.0,59.48,138.29,114.46,108.26,92.28
234,5037.3,1163.35,4572.01,3044.13,3043.92,710.76,1282.62,0.2546,14,healthy,462.05,1120.17,306.23,356.87,226.4,229.7,109.05,153.44,80.01,0.0,135.19,0.0,129.25,106.54,0.0,218.15,0.0,121.63
235,9437.21,2179.49,927.42,750.8,6909.8,2018.65,508.76,0.0539,17,tight,1104.97,3028.45,460.23,725.66,436.92,314.58,245.5,378.98,214.51,647.33,127.34,574.84,97.34,0.0,173.13,120.56,204.8,73.31
236,2982.16,688.72,1385.38,673.69,1658.59,529.98,793.59,0.2661,14,healthy,309.9,587.28,171.93,183.82,162.71,134.23,108.72,0.0,0.0,128.77,0.0,98.29,21.39,0.0,92.22,80.44,44.22,64.65
237,3527.54,814.67,1206.08,1812.36,2228.95,657.42,641.17,0.1818,15,healthy,416.85,911.42,173.43,190.09,228.89,112.67,104.17,0.0,91.43,105.63,62.4,84.69,57.67,0.0,176.44,90.05,80.54,0.0
238,2894.41,668.45,1067.57,1203.17,1842.37,573.02,479.02,0.1655,15,healthy,220.39,852.9,129.98,183.27,171.41,127.48,69.55,87.39,0.0,0.0,90.88,0.0,55.55,91.22,75.19,66.64,94.07,99.47
239,5390.2,1244.85,2074.62,1618.39,3757.11,1164.23,468.86,0.087,15,tight,458.34,1871.25,217.43,392.38,244.61,230.74,202.51,0.0,139.85,159.65,359.32,103.33,136.1,219.34,0.0,55.9,130.59,0.0
240,6152.77,1420.96,1273.09,1536.57,3217.06,1753.17,1182.54,0.1922,16,healthy,441.33,1364.3,376.1,351.34,225.68,181.48,189.47,0.0,87.36,238.33,290.48,631.58,160.52,194.24,0.0,131.66,68.85,37.51
241,6344.38,1465.21,0,0,4591.33,1845.24,-92.19,-0.0145,16,over,798.23,2221.97,238.5,409.58,254.28,274.78,233.41,0.0,160.58,446.38,185.41,350.59,75.98,182.6,160.91,293.92,0.0,149.45
242,3716.36,858.28,1109.69,839.32,2450.22,707.12,559.02,0.1504,14,healthy,437.7,1165.25,222.6,168.24,158.86,106.86,122.08,0.0,68.63,65.19,238.44,178.83,0.0,84.67,0.0,0.0,73.18,66.81
243,4802.31,1109.08,560.59,568.96,2856.56,898.7,1047.05,0.218,15,healthy,347.72,1130.29,301.62,275.33,251.27,153.37,126.83,194.87,75.26,91.41,98.39,285.52,0.0,0.0,83.11,199.71,140.56,0.0
244,5825.67,1345.42,711.27,1522.1,4016.79,1248.67,560.21,0.0962,13,tight,641.45,1833.02,220.65,404.71,339.04,277.74,166.86,0.0,133.32,0.0,338.3,536.49,194.81,0.0,0.0,0.0,94.31,84.76
245,4327.09,999.33,133.43,55.12,2845.77,1230.7,250.62,0.0579,15,tight,480.05,1186.09,240.51,316.08,153.04,180.84,126.28,162.88,0.0,270.71,168.83,208.36,127.93,113.62,0.0,220.83,0.0,120.42
246,7841.0,1810.85,4705.16,2868.33,4501.16,2177.44,1162.4,0.1482,15,healthy,572.43,2023.31,433.22,335.96,343.41,303.62,169.69,319.52,0.0,191.74,514.08,576.72,266.35,84.91,0.0,325.96,0.0,217.68
247,2450.36,565.9,594.08,467.94,1651.18,633.5,165.68,0.0676,15,tight,209.27,843.74,117.62,119.82,108.03,118.85,86.7,0.0,47.15,87.64,163.15,133.9,24.24,129.66,0.0,0.0,19.39,75.52
248,5115.31,1181.36,0,0,3617.45,1505.82,-7.96,-0.0016,16,over,463.33,1709.54,310.14,312.86,238.89,224.34,114.66,153.42,90.27,256.04,253.0,444.24,144.87,169.79,74.46,0.0,0.0,163.42
249,2826.63,652.8,504.67,562.61,2072.24,510.93,243.46,0.0861,14,tight,350.58,919.91,155.27,183.16,141.55,94.42,97.87,89.79,39.69,181.51,0.0,157.24,0.0,0.0,0.0,89.47,51.62,31.09
250,9534.05,2201.86,0,0,6669.96,3002.97,-138.88,-0.0146,14,over,1041.58,3251.66,379.85,700.63,601.73,340.8,353.71,0.0,0.0,850.71,400.55,455.85,0.0,498.74,0.0,457.8,77.33,261.99
251,1980.81,457.46,797.3,651.69,1311.92,365.29,303.6,0.1533,17,healthy,224.94,520.82,115.01,134.32,107.93,61.36,50.95,60.78,35.81,60.92,32.57,79.28,38.3,68.46,31.02,0.0,33.44,21.3
252,3707.8,856.3,83.92,72.6,2595.9,995.34,116.56,0.0314,14,tight,288.16,1261.9,155.13,233.58,131.12,149.08,112.36,190.35,74.22,313.15,151.73,289.9,0.0,0.0,0.0,154.96,0.0,85.6
253,8096.47,1869.85,2934.69,3829.61,4822.83,1820.22,1453.42,0.1795,14,healthy,677.69,2490.42,307.38,359.65,413.25,396.26,178.18,0.0,0.0,540.25,0.0,478.06,182.65,0.0,96.07,95.04,189.77,238.38
254,4952.07,1143.67,1398.15,1612.57,3093.28,1117.01,741.78,0.1498,14,healthy,376.32,1468.35,174.75,369.33,239.1,208.66,171.34,0.0,85.43,253.77,137.91,391.26,46.26,0.0,0.0,158.12,0.0,129.69
255,6774.38,1564.52,822.33,1135.62,3874.25,1883.16,1016.97,0.1501,16,healthy,518.39,1677.4,392.86,451.52,279.85,242.32,190.58,0.0,121.33,404.04,174.26,630.69,188.33,154.88,62.7,0.0,171.89,96.37
256,3060.21,706.75,2145.7,1649.53,1845.68,608.96,605.57,0.1979,16,healthy,273.31,767.23,125.42,183.93,116.92,109.59,103.99,89.07,76.22,185.15,0.0,131.11,28.55,72.24,48.44,55.08,0.0,88.39
257,2269.91,524.23,690.21,232.76,1572.22,506.8,190.89,0.0841,14,tight,277.47,726.74,104.05,156.4,101.32,83.29,87.36,0.0,35.59,171.28,35.45,156.43,73.07,49.3,0.0,0.0,0.0,21.27
258,16100.31,3718.32,5345.73,1521.01,12115.01,2600.84,1384.46,0.086,14,tight,2086.24,5230.59,697.24,1186.58,877.68,701.14,491.02,617.89,226.63,0.0,0.0,664.89,254.36,702.72,782.7,0.0,196.17,0.0
259,1848.52,426.91,161.79,204.82,1329.48,387.75,131.29,0.071,15,tight,137.08,650.63,75.88,143.59,115.7,52.97,70.24,52.88,30.51,55.27,36.01,129.47,0.0,0.0,78.25,51.17,0.0,37.58
260,5923.14,1367.93,1337.84,1513.91,3605.43,841.17,1476.54,0.2493,14,healthy,450.18,1469.39,375.41,297.68,322.9,290.37,227.2,172.3,0.0,0.0,120.91,0.0,72.83,217.91,99.85,0.0,154.36,175.31
261,12651.81,2921.9,1253.38,649.21,7280.12,3468.69,1903.0,0.1504,15,healthy,1129.35,3184.54,455.81,947.48,585.94,513.73,269.08,0.0,194.19,1002.14,0.0,952.9,418.6,322.02,385.89,225.62,0.0,161.52
262,4499.56,1039.16,1585.73,1340.65,2758.53,1113.39,627.64,0.1395,17,healthy,382.64,1109.52,219.88,272.71,193.5,161.4,106.24,206.76,105.88,0.0,279.53,85.74,52.34,122.63,93.71,173.2,161.54,144.7
263,3278.61,757.18,800.44,1428.55,2046.93,876.9,354.78,0.1082,15,healthy,241.92,996.39,127.17,191.69,168.89,160.52,94.59,0.0,65.76,294.72,82.99,163.46,0.0,106.98,63.5,84.76,0.0,80.49
264,5716.59,1320.23,167.7,124.84,4110.99,1334.4,271.2,0.0474,15,tight,495.66,2031.76,354.59,424.03,223.42,160.11,177.24,244.18,0.0,147.41,345.39,0.0,145.1,0.0,69.59,281.08,196.25,149.58
265,5543.32,1280.21,42.93,73.85,3446.8,1974.05,122.47,0.0221,16,tight,587.08,1494.65,284.05,263.48,319.45,271.65,120.5,0.0,105.94,442.98,240.42,578.59,0.0,173.25,64.02,260.01,139.74,75.04
266,3242.46,748.84,466.98,669.6,2032.55,883.02,326.89,0.1008,17,healthy,341.98,692.16,182.42,233.93,163.97,120.55,102.55,135.58,59.41,151.22,106.48,225.68,98.55,126.81,32.71,0.0,97.45,44.12
267,3675.56,848.86,1136.15,785.68,2435.61,681.69,558.26,0.1519,14,healthy,328.86,1112.41,146.35,268.63,210.32,171.81,110.26,0.0,86.97,139.44,0.0,271.84,44.33,88.82,59.41,0.0,0.0,77.85
268,3543.45,818.35,1598.37,1390.42,2201.64,800.4,541.41,0.1528,14,healthy,290.27,1050.5,167.04,240.14,166.2,108.03,126.36,0.0,53.1,64.0,100.73,377.35,0.0,66.33,0.0,0.0,110.34,81.65
269,9916.52,2290.19,0,0,7345.16,3237.23,-665.87,-0.0671,16,over,1138.49,3579.48,425.49,737.81,442.32,505.68,361.74,0.0,154.15,526.16,599.32,818.93,352.56,112.97,283.89,0.0,225.8,317.6
270,2878.02,664.67,431.61,384.6,1943.09,715.01,219.92,0.0764,15,tight,356.28,853.1,166.73,161.94,127.48,101.63,101.8,0.0,74.13,252.74,135.97,0.0,0.0,46.78,126.11,29.72,45.92,77.77
271,6731.96,1554.73,1857.77,1293.17,3938.23,1320.11,1473.62,0.2189,15,healthy,596.93,1806.19,253.94,331.36,366.33,261.48,172.6,0.0,149.4,0.0,85.86,605.9,54.41,211.52,89.98,0.0,76.12,196.32
272,5916.06,1366.3,2136.09,1085.59,3672.01,1460.75,783.3,0.1324,16,healthy,748.04,1469.31,269.01,358.9,295.39,307.26,224.1,0.0,0.0,140.38,200.8,206.77,198.18,295.42,79.54,138.6,129.9,71.16
273,4808.48,1110.5,776.92,1050.04,2999.88,1326.66,481.94,0.1002,16,healthy,445.38,1339.3,238.13,288.09,209.75,141.01,117.26,220.96,0.0,89.42,168.75,443.05,102.19,190.66,0.0,83.46,131.85,117.28
274,10047.39,2320.41,0,0,6718.87,3462.51,-133.99,-0.0133,16,over,848.23,3372.5,649.18,556.47,365.15,340.68,370.5,0.0,216.16,705.8,371.28,995.66,241.18,405.11,191.26,0.0,207.54,344.68
275,2929.66,676.6,554.28,509.17,1888.9,672.76,368.0,0.1256,13,healthy,355.46,948.76,180.37,132.17,120.2,84.54,67.4,0.0,0.0,58.75,164.94,227.5,85.13,0.0,0.0,0.0,39.62,96.82
276,1683.96,388.91,880.81,1430.09,920.36,349.12,414.48,0.2461,14,healthy,137.52,454.22,62.44,102.75,66.18,49.45,47.8,0.0,0.0,72.04,0.0,0.0,38.54,24.22,57.87,84.18,24.38,47.89
277,4958.26,1145.09,538.01,265.33,3604.83,1065.11,288.32,0.0581,15,tight,614.4,1704.39,216.22,380.15,211.8,226.89,130.89,0.0,120.09,0.0,121.41,294.78,98.7,74.35,0.0,171.44,146.39,158.04
278,1608.65,371.51,89.54,40.66,1085.79,465.39,57.47,0.0357,16,tight,175.56,540.4,86.4,80.15,63.87,65.02,46.59,0.0,27.8,42.93,38.4,154.63,24.91,67.7,71.45,0.0,12.2,53.17
279,2123.23,490.35,274.07,86.45,1293.26,461.22,368.75,0.1737,14,healthy,188.82,575.46,85.47,150.5,130.4,65.49,60.23,0.0,36.89,0.0,0.0,211.95,0.0,64.28,75.12,61.23,14.0,34.64
280,1800.1,415.73,253.58,275.93,1246.13,395.41,158.56,0.0881,14,tight,168.52,653.08,99.13,96.39,114.24,76.45,38.32,0.0,0.0,52.93,120.53,40.83,35.04,0.0,77.75,0.0,17.86,50.47
281,3542.93,818.23,453.45,208.45,2298.3,549.24,695.39,0.1963,15,healthy,305.46,912.72,229.62,239.01,160.8,115.6,79.71,167.69,87.69,0.0,94.16,0.0,46.44,0.0,149.31,43.13,124.27,91.93
282,6324.62,1460.65,7383.28,3679.5,3155.31,788.75,2380.56,0.3764,12,healthy,477.52,1243.71,265.59,283.72,321.8,207.04,201.74,0.0,154.19,0.0,0.0,0.0,0.0,0.0,333.76,78.49,226.16,150.34
283,3017.14,696.8,129.15,157.74,2055.17,901.26,60.71,0.0201,15,tight,254.79,1042.75,131.08,133.41,187.31,139.2,99.97,0.0,66.66,252.18,209.88,140.95,51.63,101.27,0.0,0.0,55.18,90.17
284,4284.17,989.42,3209.94,1866.9,2293.67,847.05,1143.45,0.2669,13,healthy,492.82,857.32,190.65,277.44,151.75,188.0,135.69,0.0,0.0,0.0,56.98,445.43,0.0,178.08,69.37,0.0,34.3,62.89
285,1808.01,417.55,563.18,567.81,1083.84,479.75,244.42,0.1352,15,healthy,143.76,562.15,69.89,94.29,107.07,66.66,40.02,0.0,0.0,58.79,121.04,122.84,21.39,67.75,0.0,35.57,36.33,16.04
286,5800.86,1339.69,1000.1,747.21,3405.56,1439.81,955.49,0.1647,15,healthy,735.72,1202.19,236.64,392.3,338.38,193.52,159.0,0.0,147.81,471.27,135.11,258.75,125.92,0.0,235.1,105.52,0.0,108.14
287,3166.21,731.23,257.28,222.58,1813.12,882.08,471.01,0.1488,14,healthy,281.3,863.1,168.43,199.83,112.43,113.47,74.56,0.0,0.0,124.4,182.47,272.56,87.65,160.57,0.0,0.0,27.72,26.71
288,5283.64,1220.24,701.23,388.35,3545.33,1035.1,703.21,0.1331,13,healthy,495.39,1765.99,256.02,395.28,222.87,218.66,191.12,0.0,0.0,0.0,0.0,333.15,137.94,164.58,178.33,97.21,0.0,123.89
289,2127.68,491.38,450.37,187.0,1401.21,418.07,308.4,0.1449,13,healthy,228.44,550.82,127.75,108.99,131.78,92.79,61.74,98.9,0.0,48.95,0.0,179.18,26.46,63.56,0.0,99.92,0.0,0.0
290,13885.72,3206.86,8364.96,6731.92,9433.28,2378.2,2074.24,0.1494,13,healthy,1244.74,4125.51,690.81,725.84,843.15,594.21,504.7,704.32,0.0,799.93,0.0,0.0,0.0,672.62,138.97,313.71,452.97,0.0
291,2431.04,561.44,919.56,1160.47,1410.0,640.78,380.26,0.1564,16,healthy,239.68,511.65,148.52,150.89,136.35,110.74,53.91,0.0,58.26,141.63,0.0,105.2,73.07,117.27,22.08,113.27,50.22,18.04
292,4746.53,1096.2,189.83,148.98,3209.26,1418.99,118.28,0.0249,15,tight,589.09,1361.54,257.16,298.5,306.19,149.73,175.67,0.0,71.38,0.0,240.78,376.06,159.24,0.0,177.85,165.26,145.91,153.89
293,2434.51,562.24,211.72,68.9,1586.21,736.42,111.88,0.046,16,tight,267.5,569.91,109.67,166.4,125.26,106.55,76.41,125.89,38.62,167.29,146.06,196.09,36.73,126.16,0.0,44.59,19.5,0.0
294,4686.34,1082.3,1418.93,2459.84,3262.04,774.95,649.35,0.1386,15,healthy,433.46,1406.07,253.35,311.4,234.32,159.99,165.72,178.74,118.99,203.84,80.65,0.0,0.0,175.31,113.32,110.29,91.54,0.0
295,9742.15,2249.92,892.7,621.27,5857.92,1548.64,2335.59,0.2397,12,healthy,941.73,2667.54,454.43,638.44,512.15,387.6,256.03,0.0,0.0,0.0,0.0,349.95,0.0,441.38,106.91,387.13,0.0,263.27
296,16052.06,3707.17,3933.09,5908.49,10939.24,1536.71,3576.11,0.2228,12,healthy,1146.45,5288.33,902.96,887.0,763.42,617.54,356.43,705.53,271.58,0.0,0.0,0.0,0.0,0.0,538.83,845.78,152.1,0.0
297,1559.99,360.27,832.43,485.52,1015.24,335.57,209.18,0.1341,13,healthy,182.96,480.28,55.01,73.22,94.87,50.74,46.2,0.0,31.96,0.0,0.0,148.99,55.55,0.0,72.99,0.0,12.15,45.89
298,5672.74,1310.1,2196.6,2028.21,3522.64,1363.49,786.61,0.1387,15,healthy,473.58,1568.7,285.26,416.29,239.62,226.52,180.37,0.0,132.3,0.0,163.67,276.46,190.48,175.57,201.56,204.05,0.0,151.7
299,2902.32,670.28,200.34,214.76,1886.22,831.73,184.37,0.0635,16,tight,250.4,819.24,180.45,181.04,128.25,117.32,74.74,134.78,0.0,107.73,129.35,204.2,93.7,0.0,134.57,91.03,41.01,30.14
300,4786.16,1105.35,945.91,1159.84,2758.67,888.51,1138.98,0.238,12,healthy,354.14,1142.97,301.71,342.5,227.89,246.77,142.69,0.0,0.0,0.0,0.0,514.4,0.0,0.0,70.52,134.24,37.31,132.04
301,4533.47,1046.99,4254.4,3374.85,2636.81,430.22,1466.44,0.3235,12,healthy,467.66,1004.08,201.75,321.9,186.32,230.79,155.63,0.0,68.68,0.0,99.46,0.0,0.0,0.0,159.04,84.33,0.0,87.39
302,2265.06,523.11,955.73,766.96,1335.57,622.43,307.06,0.1356,16,healthy,186.45,610.12,102.54,136.52,109.32,71.28,81.71,0.0,37.63,155.44,146.47,155.62,0.0,22.6,22.47,63.62,31.88,24.33
303,9383.61,2167.12,757.84,392.27,6991.18,1723.94,668.49,0.0712,15,tight,1208.14,3038.41,586.25,629.0,350.74,364.78,342.06,314.33,157.47,0.0,554.16,317.48,308.23,166.96,0.0,0.0,106.62,270.49
304,7301.91,1686.35,287.59,356.35,4990.63,1598.44,712.84,0.0976,15,tight,586.4,2428.87,451.59,350.58,441.01,311.17,256.27,0.0,164.74,132.68,0.0,479.01,164.36,219.05,324.1,198.86,80.38,0.0
305,2947.66,680.75,1803.33,689.83,1738.66,582.63,626.37,0.2125,13,healthy,313.23,763.91,130.98,125.5,159.63,143.74,101.67,0.0,0.0,0.0,0.0,182.19,95.71,33.34,148.93,0.0,51.87,70.59
306,18471.75,4265.99,1480.56,2219.52,9888.51,5303.71,3279.53,0.1775,15,healthy,1368.12,4583.52,652.64,1270.77,679.68,796.8,536.98,0.0,0.0,786.84,1200.88,1186.94,525.84,293.69,759.98,285.9,0.0,263.64
307,3353.94,774.58,680.16,954.23,1997.65,1054.11,302.18,0.0901,17,tight,318.82,742.81,143.06,140.93,203.8,132.76,98.7,133.63,83.14,264.27,152.66,160.17,87.32,133.22,67.2,71.27,118.0,0.0
308,1647.97,380.59,42.72,66.01,1202.31,422.26,23.4,0.0142,15,tight,137.47,566.84,102.43,110.59,78.08,68.55,41.78,72.37,24.2,75.92,56.4,177.65,20.47,0.0,0.0,39.75,52.07,0.0
309,4184.63,966.43,294.99,170.57,2937.0,1178.12,69.51,0.0166,18,tight,536.49,1275.72,146.72,195.86,192.51,200.2,130.96,150.33,108.21,123.11,299.66,307.13,60.82,86.6,55.77,43.7,112.34,88.99
310,17942.58,4143.78,7726.61,3073.32,9849.6,5987.83,2105.15,0.1173,16,healthy,2167.94,4151.41,1006.53,791.53,707.48,556.69,468.02,0.0,0.0,820.71,938.37,1468.07,303.7,200.99,476.01,941.89,349.67,488.42
311,6656.72,1537.35,240.32,233.42,4258.48,2319.9,78.34,0.0118,15,tight,566.06,2283.84,241.38,402.47,288.47,215.23,140.9,0.0,120.13,583.76,0.0,633.73,117.95,337.47,278.96,236.94,131.09,0.0
312,5756.47,1329.44,874.21,548.73,3685.79,1694.11,376.57,0.0654,14,tight,723.84,1716.99,255.9,334.88,314.08,192.88,147.22,0.0,0.0,280.3,400.17,525.58,121.19,217.6,65.07,0.0,84.2,0.0
313,4400.51,1016.28,333.2,275.4,2884.32,817.11,699.08,0.1589,14,healthy,488.92,1340.7,156.75,303.54,240.79,167.1,108.58,0.0,77.94,88.64,278.03,0.0,131.28,62.05,0.0,193.97,0.0,63.14
314,3917.41,904.71,2395.31,1637.63,2497.48,899.41,520.52,0.1329,14,healthy,444.7,1176.07,227.19,187.42,198.49,127.94,135.67,0.0,0.0,89.2,96.92,343.21,0.0,75.21,122.41,148.52,0.0,23.94
315,5675.04,1310.63,1134.26,646.89,3508.07,1343.53,823.44,0.1451,17,healthy,727.41,1193.57,299.85,262.15,282.79,257.77,183.01,202.09,99.43,0.0,396.37,296.02,104.2,70.26,56.88,232.86,136.69,50.25
316,5164.46,1192.72,6485.84,4558.46,2997.04,693.39,1474.03,0.2854,13,healthy,385.94,1282.49,297.71,231.71,325.65,212.29,169.61,0.0,91.64,0.0,291.61,0.0,31.62,0.0,140.83,0.0,169.66,59.67
317,1718.42,396.86,106.57,83.37,1200.79,261.11,256.52,0.1493,14,healthy,193.3,613.18,86.42,72.48,74.24,80.13,53.02,0.0,28.02,77.9,50.28,50.21,35.97,30.25,0.0,0.0,16.5,0.0
318,1572.2,363.09,1225.44,781.63,871.86,252.79,447.55,0.2847,15,healthy,147.29,381.2,55.16,72.31,74.52,60.89,51.35,0.0,29.14,101.77,0.0,54.9,20.88,17.61,18.49,0.0,23.07,16.07
319,6261.18,1446.0,352.68,414.38,3900.87,1599.72,760.59,0.1215,15,healthy,609.0,1463.14,381.4,480.15,309.37,195.37,204.2,258.24,0.0,268.06,0.0,403.74,49.39,0.0,127.38,318.77,211.21,221.17
320,5135.9,1186.12,1858.3,1928.24,2893.77,1245.47,996.66,0.1941,16,healthy,359.96,1100.22,297.5,364.46,276.64,262.22,140.85,0.0,91.92,369.39,194.37,140.14,0.0,93.59,63.0,148.21,64.48,172.29
321,6373.93,1472.04,1379.09,1201.62,3854.96,790.02,1728.95,0.2713,13,healthy,799.36,1349.42,337.5,483.0,314.11,204.02,217.45,0.0,150.1,0.0,164.19,0.0,216.96,104.49,221.35,0.0,83.03,0.0
322,1949.47,450.22,854.25,990.6,1294.86,410.67,243.94,0.1251,13,healthy,208.82,619.8,89.66,135.3,93.48,93.59,54.21,0.0,0.0,90.7,0.0,0.0,37.11,0.0,80.16,96.56,45.95,60.19
323,5221.9,1205.98,832.9,313.84,3266.8,1313.8,641.3,0.1228,16,healthy,614.53,1251.79,297.66,223.08,241.61,262.42,120.5,175.01,80.2,305.73,0.0,347.32,0.0,166.49,103.75,173.32,52.66,164.53
324,1942.35,448.58,655.47,533.17,1005.02,391.26,546.07,0.2811,14,healthy,185.15,406.85,94.83,151.0,69.91,55.64,41.64,0.0,0.0,146.83,0.0,0.0,17.38,49.95,70.35,44.82,41.02,20.91
325,4982.28,1150.64,3433.59,2777.1,2893.43,1351.92,736.93,0.1479,16,healthy,620.87,1123.6,249.33,265.6,250.18,144.78,164.01,0.0,75.06,130.77,0.0,447.38,85.13,83.01,168.72,136.03,121.7,179.18
326,4251.53,981.88,385.92,720.42,2952.83,921.55,377.15,0.0887,15,tight,313.09,1496.24,181.04,314.81,243.0,193.86,138.56,0.0,72.23,123.62,112.8,0.0,111.97,161.68,95.2,182.99,133.29,0.0
327,7166.5,1655.08,873.31,1370.62,4433.5,2038.92,694.08,0.0969,15,tight,923.99,1831.65,413.71,311.91,300.07,259.11,188.4,204.66,0.0,257.88,436.33,626.96,162.55,0.0,171.42,332.73,51.05,0.0
328,3647.57,842.39,159.57,139.15,2070.62,1235.48,341.47,0.0936,17,tight,333.03,872.85,205.24,182.33,138.85,154.62,123.95,0.0,59.75,108.88,114.47,346.27,122.37,157.31,108.6,123.52,23.05,131.01
329,5675.19,1310.67,997.26,872.57,3933.74,1030.54,710.91,0.1253,14,healthy,575.65,1768.68,307.06,387.34,300.12,282.57,209.31,0.0,103.01,0.0,343.4,395.86,73.44,57.81,100.8,0.0,0.0,59.23
330,2433.78,562.07,816.75,1040.29,1505.48,358.62,569.68,0.2341,13,healthy,271.92,597.19,114.92,174.89,141.99,96.91,70.18,0.0,37.48,39.79,0.0,157.77,79.19,24.89,56.98,0.0,0.0,0.0
331,4366.81,1008.5,0,0,3266.69,1134.49,-34.37,-0.0079,15,over,455.56,1477.59,226.38,281.06,261.75,223.21,115.61,225.53,0.0,0.0,291.54,238.74,106.7,0.0,175.11,139.01,34.7,148.69
332,3634.33,839.34,1348.58,1289.0,2473.37,489.5,671.46,0.1848,13,healthy,408.41,1094.53,189.64,254.76,187.45,154.11,120.69,0.0,63.78,159.21,0.0,99.09,55.55,64.51,0.0,0.0,111.14,0.0
333,14078.19,3251.31,2737.93,1738.39,9037.23,3873.81,1167.15,0.0829,16,tight,1576.48,3877.98,542.46,1084.08,679.41,498.76,479.2,0.0,298.86,0.0,285.94,1312.61,463.42,201.34,513.15,664.54,235.99,196.82
334,5846.92,1350.33,635.83,330.36,3947.49,1449.86,449.57,0.0769,13,tight,485.26,1940.41,350.35,406.92,259.67,293.35,211.53,0.0,0.0,426.75,385.54,191.68,0.0,187.84,155.05,0.0,103.0,0.0
335,18544.5,4282.79,3032.59,3467.31,11678.8,4263.56,2602.14,0.1403,15,healthy,1351.43,5279.09,804.41,1183.8,827.86,863.57,563.61,805.03,0.0,1164.83,712.85,430.91,515.18,275.41,0.0,789.33,375.05,0.0
336,2277.74,526.04,611.71,1282.66,1431.54,469.29,376.91,0.1655,14,healthy,162.55,704.59,146.02,132.88,88.79,83.34,56.14,0.0,57.23,0.0,151.38,0.0,0.0,42.93,120.9,76.48,26.68,50.92
337,7292.09,1684.09,3505.4,3472.42,4319.62,870.57,2101.9,0.2882,12,healthy,572.07,2054.36,275.9,567.45,300.05,221.96,167.35,0.0,160.48,0.0,0.0,0.0,0.0,334.93,0.0,151.31,169.0,215.33
338,9498.93,2193.75,1685.1,1253.44,6487.01,2025.68,986.24,0.1038,14,healthy,972.33,3215.17,526.68,408.93,546.27,271.18,300.11,0.0,246.34,429.35,0.0,837.71,161.03,121.54,0.0,225.65,250.4,0.0
339,1764.91,407.6,85.61,76.97,1131.88,578.77,54.26,0.0307,15,tight,183.84,500.94,71.0,82.96,113.08,89.85,54.04,0.0,36.17,152.63,111.28,141.65,33.53,35.8,39.58,64.3,0.0,0.0
340,5620.52,1298.04,0,0,3851.68,1828.49,-59.65,-0.0106,18,over,701.29,1518.42,226.92,317.33,229.76,245.96,180.31,287.35,144.34,246.38,376.1,179.03,130.98,250.53,50.75,251.0,182.6,161.12
341,4061.27,937.94,764.06,491.14,2402.66,1396.06,262.55,0.0646,17,tight,314.71,1165.66,183.89,207.3,190.04,132.83,144.88,0.0,63.35,142.93,259.83,410.75,44.4,96.47,217.37,99.3,73.57,51.44
342,15044.81,3474.55,2691.52,3582.98,8781.54,3477.34,2785.93,0.1852,14,healthy,1558.58,3873.36,747.56,841.09,672.97,694.23,393.75,0.0,0.0,1216.09,247.79,1081.87,0.0,361.27,193.63,195.12,0.0,181.57
343,7903.42,1825.27,2246.17,2996.6,5025.05,1773.06,1105.31,0.1399,13,healthy,954.38,1865.28,478.53,605.03,477.34,343.32,301.17,0.0,0.0,483.52,0.0,478.63,78.63,117.29,375.73,0.0,0.0,239.26
344,8334.27,1924.77,1247.12,398.51,5555.75,2212.35,566.17,0.0679,15,tight,791.18,2388.08,507.37,561.9,537.51,289.29,284.97,0.0,195.45,438.82,159.35,889.14,51.57,0.0,314.7,102.29,256.48,0.0
345,1839.93,424.93,220.16,233.32,1221.38,436.08,182.47,0.0992,14,tight,132.53,556.28,74.45,97.37,93.36,77.41,54.89,95.26,39.83,116.35,0.0,118.46,0.0,33.88,83.24,84.15,0.0,0.0
346,5253.82,1213.35,1066.07,1100.09,3628.12,817.02,808.68,0.1539,13,healthy,564.49,1681.4,265.78,313.25,271.0,214.24,148.54,169.42,0.0,181.39,146.78,0.0,36.68,0.0,249.4,202.77,0.0,0.0
347,4351.1,1004.87,1139.3,1718.09,2693.65,1017.28,640.17,0.1471,15,healthy,423.93,1176.57,180.65,274.0,261.66,140.81,166.18,0.0,69.85,171.97,0.0,294.93,68.54,193.72,101.86,63.08,123.18,0.0
348,4522.08,1044.36,394.29,451.52,2991.1,1388.05,142.93,0.0316,16,tight,385.44,1475.06,256.63,262.68,275.03,146.89,100.65,0.0,88.72,105.99,142.93,453.78,0.0,193.88,121.52,152.21,63.13,154.61
349,5367.19,1239.54,0,0,3883.12,1631.39,-147.32,-0.0274,15,over,598.96,1844.1,245.39,328.79,316.45,252.09,116.62,180.72,0.0,400.22,176.12,517.82,47.26,88.76,229.27,0.0,0.0,171.94
350,1915.58,442.4,806.27,294.96,1188.27,336.86,390.45,0.2038,16,healthy,188.12,566.45,122.64,83.79,75.77,59.06,64.38,0.0,28.06,41.55,37.87,0.0,37.15,97.02,34.29,20.44,30.87,37.67
351,7128.18,1646.23,1322.61,602.95,4568.34,1645.39,914.45,0.1283,15,healthy,541.94,2342.96,383.21,385.9,391.68,225.27,166.22,0.0,131.16,555.81,365.73,0.0,170.26,223.43,0.0,102.21,119.54,108.41
352,2242.65,517.93,755.81,358.54,1330.79,658.75,253.11,0.1129,14,healthy,178.0,621.1,86.77,132.89,97.19,96.13,76.22,0.0,42.49,122.96,0.0,232.7,55.96,107.63,0.0,0.0,74.35,65.15
353,1942.81,448.69,246.18,326.72,1240.29,522.68,179.84,0.0926,13,tight,214.92,502.2,78.05,115.14,116.77,74.64,60.2,78.37,0.0,144.62,0.0,168.46,0.0,65.08,76.08,0.0,0.0,68.44
354,4203.33,970.75,1265.36,987.2,2409.58,1081.96,711.79,0.1693,13,healthy,307.81,1058.4,249.64,323.32,209.16,158.11,103.14,0.0,0.0,276.27,200.79,0.0,67.31,184.8,0.0,215.39,137.4,0.0
355,8797.91,2031.85,1106.77,936.27,5988.16,2363.07,446.68,0.0508,15,tight,866.6,3172.62,420.25,474.13,507.22,257.03,290.31,0.0,0.0,518.34,141.44,837.68,53.59,105.22,0.0,277.87,271.88,157.05
356,3385.48,781.87,333.59,245.56,1920.61,1001.88,462.99,0.1368,14,healthy,376.15,880.94,148.21,188.75,140.46,98.78,87.32,0.0,0.0,0.0,237.07,238.53,65.62,169.27,180.99,0.0,72.67,37.73
357,5261.65,1215.16,474.61,641.52,3913.6,1054.55,293.5,0.0558,17,tight,576.82,1782.31,270.3,236.84,294.96,212.08,204.55,260.66,75.08,310.82,72.78,0.0,94.55,85.41,256.55,102.56,90.57,41.31
358,4187.39,967.06,838.86,894.24,2653.2,1179.05,355.14,0.0848,16,tight,504.81,1088.23,221.39,273.55,166.4,185.02,147.61,0.0,66.19,359.04,217.22,0.0,114.74,186.57,45.98,71.04,111.93,72.53
359,5282.35,1219.94,1503.95,1404.06,3485.61,1221.16,575.58,0.109,14,healthy,427.37,1820.51,296.13,337.83,224.29,225.47,154.01,0.0,0.0,119.73,176.07,288.38,0.0,183.95,0.0,174.15,171.2,107.68
360,5246.48,1211.66,1878.26,2553.58,2982.4,830.73,1433.35,0.2732,13,healthy,387.21,1217.33,275.94,357.24,302.54,249.51,192.63,0.0,0.0,430.65,76.74,139.01,34.93,112.95,0.0,0.0,0.0,36.45
361,5690.26,1314.15,997.23,701.26,3888.02,1095.2,707.04,0.1243,15,healthy,558.8,1972.38,210.31,382.43,296.99,165.06,212.45,0.0,89.6,261.92,0.0,0.0,65.67,119.08,209.31,200.18,87.34,151.7
362,3489.86,805.97,1519.72,1251.03,2322.69,435.93,731.24,0.2095,15,healthy,267.46,1107.53,128.3,206.6,195.12,155.91,77.71,102.9,81.16,0.0,127.9,0.0,48.15,0.0,39.14,78.7,81.7,60.34
363,4869.82,1124.67,283.88,620.71,3069.97,867.8,932.05,0.1914,12,healthy,486.25,1600.13,172.54,259.01,223.64,176.07,152.33,0.0,0.0,0.0,293.73,0.0,83.2,215.48,0.0,197.36,78.03,0.0
364,5711.15,1318.97,1531.06,2040.53,3014.41,1721.03,975.71,0.1708,15,healthy,440.36,1293.1,277.32,338.22,253.11,203.23,122.79,0.0,86.28,434.88,287.64,0.0,126.25,303.77,195.02,0.0,185.47,188.0
365,4526.24,1045.32,1324.08,1194.73,2651.95,1011.5,862.79,0.1906,16,healthy,361.41,945.03,283.28,276.26,261.58,151.5,143.02,131.98,97.89,242.4,0.0,387.49,76.32,50.36,102.96,109.69,0.0,42.28
366,3305.9,763.49,61.3,17.05,2095.21,1169.3,41.39,0.0125,15,tight,383.22,920.79,188.45,192.49,155.19,145.27,109.8,0.0,0.0,183.2,217.74,0.0,99.3,172.91,136.08,177.68,73.91,108.48
367,9452.89,2183.12,1720.35,1349.04,6170.57,2123.68,1158.64,0.1226,16,healthy,1108.54,2670.16,443.25,494.55,569.79,303.76,354.5,0.0,226.02,398.18,236.77,183.42,283.7,0.0,147.64,366.27,284.7,223.0
368,4612.15,1065.16,2753.94,1025.93,3235.34,654.05,722.76,0.1567,13,healthy,595.51,1448.76,175.9,306.79,193.61,224.54,141.72,148.51,0.0,147.49,121.28,0.0,0.0,155.6,74.13,0.0,0.0,155.55
369,2316.21,534.92,495.3,678.83,1542.87,445.98,327.36,0.1413,13,healthy,164.21,799.89,129.13,133.47,144.32,99.94,71.91,0.0,0.0,0.0,0.0,119.37,77.63,117.65,29.7,0.0,43.16,58.47
370,3514.42,811.64,744.27,628.91,2307.39,845.65,361.38,0.1028,15,healthy,266.6,1121.8,171.19,263.5,209.18,126.19,97.78,0.0,51.15,155.5,0.0,187.56,95.83,180.7,0.0,82.86,117.7,25.5
371,5096.47,1177.01,1071.47,768.21,3247.89,755.4,1093.18,0.2145,13,healthy,446.72,1456.4,273.45,325.41,259.11,210.96,165.3,0.0,110.54,0.0,0.0,288.4,117.64,0.0,74.88,0.0,147.39,127.09
372,2354.78,543.83,2020.66,1791.23,1536.19,363.99,454.6,0.1931,11,healthy,272.36,687.68,148.88,129.51,151.05,93.44,53.27,0.0,0.0,0.0,0.0,211.35,0.0,0.0,63.88,38.45,50.31,0.0
373,3597.12,830.74,481.39,476.25,2657.7,753.23,186.19,0.0518,15,tight,309.29,1202.57,157.59,259.21,210.02,173.66,130.22,162.04,53.1,296.35,142.31,0.0,72.3,0.0,85.48,33.19,123.6,0.0
374,2493.69,575.91,828.39,619.16,1487.35,708.54,297.8,0.1194,16,healthy,185.4,715.93,145.07,110.65,157.83,114.89,57.58,0.0,0.0,188.38,77.05,54.68,79.46,37.72,113.32,22.96,77.07,57.9
375,6563.4,1515.8,452.85,204.3,4248.29,1871.43,443.68,0.0676,14,tight,682.92,1940.4,400.08,306.74,418.07,248.9,251.18,0.0,0.0,494.61,0.0,546.61,48.32,239.46,0.0,146.72,182.8,212.91
376,9916.05,2290.08,5150.36,4479.87,6264.06,2331.22,1320.77,0.1332,14,healthy,953.17,2689.54,412.21,506.21,508.28,349.91,351.06,493.68,0.0,550.48,0.0,1005.79,193.06,0.0,160.38,93.59,327.92,0.0
377,5200.18,1200.97,3792.92,3067.81,3076.24,729.02,1394.92,0.2682,12,healthy,641.54,1092.04,303.52,236.15,184.99,182.41,173.04,166.6,95.95,441.57,0.0,0.0,0.0,0.0,0.0,120.22,167.23,0.0
378,1819.51,420.21,135.54,75.96,1232.03,404.1,183.38,0.1008,14,healthy,164.18,641.06,82.63,121.37,87.71,65.78,39.65,0.0,29.65,34.05,95.43,141.87,0.0,39.92,0.0,75.44,17.39,0.0
379,5397.46,1246.53,600.28,461.44,3765.73,1156.15,475.58,0.0881,14,tight,624.05,1550.05,336.24,419.15,288.54,275.47,187.18,0.0,85.05,0.0,0.0,373.77,96.8,248.78,222.76,0.0,71.51,142.53
380,3371.58,778.66,2619.04,1844.55,2003.37,461.8,906.41,0.2688,14,healthy,430.86,788.29,167.65,244.54,151.19,145.61,75.23,0.0,0.0,97.01,77.63,0.0,91.28,77.03,0.0,35.19,62.87,20.79
381,2520.92,582.2,243.01,105.45,1698.46,710.1,112.36,0.0446,15,tight,310.54,656.74,148.35,106.46,113.53,125.77,92.71,103.44,40.92,183.6,65.19,227.81,0.0,74.6,0.0,134.24,24.66,0.0
382,6024.48,1391.33,3121.43,1432.22,3113.66,1619.54,1291.28,0.2143,14,healthy,490.05,1351.09,320.72,267.67,305.64,251.51,126.98,0.0,0.0,0.0,265.87,504.44,119.96,0.0,157.7,257.67,122.67,191.23
383,14795.92,3417.07,979.52,1124.75,8969.18,4486.01,1340.73,0.0906,16,tight,1188.76,3724.5,902.37,1151.65,838.51,414.72,367.64,0.0,381.03,287.59,1054.14,1497.5,118.09,517.52,581.34,218.1,211.73,0.0
384,3895.55,899.67,196.41,111.86,2695.94,1120.02,79.59,0.0204,17,tight,435.24,1007.59,241.35,234.2,239.93,146.09,150.83,164.69,76.02,236.98,206.58,101.54,137.7,186.73,137.09,0.0,26.78,86.62
385,5602.92,1293.98,380.45,527.21,3734.98,1423.35,444.59,0.0793,16,tight,460.46,1556.42,257.76,309.66,337.54,218.8,207.51,281.92,104.91,204.63,287.78,594.9,65.31,52.57,164.8,0.0,0.0,53.36
386,5839.27,1348.56,0,0,3953.71,1890.58,-5.02,-0.0009,15,over,667.61,1688.76,322.36,353.46,359.63,266.5,185.06,0.0,110.33,485.0,270.09,0.0,176.05,305.44,304.28,148.38,0.0,201.34
387,9393.36,2169.37,654.97,364.31,6108.73,2969.71,314.92,0.0335,18,tight,955.68,2431.09,432.98,640.62,487.62,337.6,296.49,323.48,203.17,309.93,595.87,671.8,74.28,117.97,310.89,475.66,142.69,270.62
388,2953.13,682.02,0,0,2110.17,857.5,-14.54,-0.0049,16,over,285.87,1036.56,180.45,149.51,155.5,95.56,105.27,101.45,0.0,79.16,0.0,288.67,57.83,87.43,146.67,123.7,49.28,24.76
389,2734.63,631.55,1000.35,275.57,1672.92,851.21,210.5,0.077,16,tight,250.94,664.32,131.23,193.37,164.97,121.11,81.92,0.0,65.06,204.41,69.33,191.31,31.86,0.0,104.07,110.78,92.9,46.55
390,14838.45,3426.89,18064.9,18440.3,8427.7,1716.93,4693.82,0.3163,13,healthy,1646.25,3072.15,725.5,727.31,788.31,619.77,517.07,0.0,331.34,0.0,0.0,0.0,243.0,394.47,0.0,517.91,198.6,362.95
391,1650.78,381.24,568.43,942.07,997.51,376.75,276.52,0.1675,13,healthy,184.21,386.45,102.01,79.69,100.02,79.03,41.26,0.0,24.84,0.0,109.68,105.7,57.42,76.5,0.0,0.0,0.0,27.45
392,5264.24,1215.76,67.0,30.98,3687.3,1507.98,68.96,0.0131,15,tight,426.26,1791.49,317.19,355.17,319.99,207.85,181.97,0.0,87.38,0.0,353.63,452.17,86.25,181.48,209.73,0.0,95.55,129.17
393,3749.67,865.97,984.6,678.93,2601.17,507.81,640.69,0.1709,13,healthy,405.44,1279.52,227.43,164.97,220.44,179.47,123.9,0.0,0.0,0.0,78.4,0.0,42.13,82.14,155.27,86.7,63.17,0.0
394,3142.18,725.68,567.23,714.7,1882.04,707.48,552.66,0.1759,15,healthy,355.77,914.77,142.24,133.88,118.59,132.66,84.13,0.0,0.0,47.26,119.64,0.0,80.32,40.98,109.11,162.13,79.87,68.17
395,3696.83,853.77,933.65,960.47,2408.19,712.28,576.36,0.1559,15,healthy,477.28,996.51,214.19,200.39,188.23,161.07,93.4,0.0,77.12,111.76,129.14,0.0,102.58,72.06,0.0,91.82,111.74,93.18
396,1920.86,443.62,687.81,446.1,1175.31,475.7,269.85,0.1405,16,healthy,199.15,476.26,92.31,120.24,120.44,57.9,53.67,55.34,0.0,79.67,27.39,132.24,36.96,73.48,36.54,68.59,0.0,20.83
397,2617.54,604.51,582.79,722.48,1747.5,689.67,180.37,0.0689,16,tight,232.54,743.7,157.61,167.58,113.75,88.87,90.49,91.64,61.32,63.09,69.84,269.68,38.1,71.84,122.11,0.0,0.0,55.01
398,16690.08,3854.52,11529.77,3961.23,9856.6,4227.25,2606.23,0.1562,13,healthy,1702.23,4735.98,719.15,763.24,1031.88,519.04,385.08,0.0,0.0,899.48,985.75,1180.07,0.0,0.0,0.0,475.29,174.46,512.2
399,6816.16,1574.17,2223.79,1226.19,4198.1,1216.17,1401.89,0.2057,12,healthy,830.39,1786.55,383.13,367.44,377.11,191.23,262.25,0.0,0.0,0.0,307.77,365.96,0.0,230.27,0.0,119.78,192.39,0.0
400,5312.05,1226.8,641.62,576.3,3402.77,1764.0,145.28,0.0273,16,tight,377.81,1443.45,266.3,376.28,316.84,152.9,206.06,263.13,0.0,461.85,92.32,520.76,190.21,61.78,247.34,0.0,129.0,60.74
401,2801.56,647.01,412.99,625.0,1893.71,433.61,474.24,0.1693,14,healthy,283.57,922.44,99.42,175.52,115.23,79.92,79.42,86.7,51.49,131.72,92.01,0.0,31.39,0.0,0.0,139.97,38.52,0.0
402,6186.67,1428.79,0,0,4461.94,1835.41,-110.68,-0.0179,16,over,633.58,2196.39,366.77,464.13,300.84,197.49,162.51,0.0,140.23,502.56,111.95,496.1,56.77,295.73,0.0,206.45,65.73,100.12
403,2455.79,567.16,461.13,436.9,1513.86,557.07,384.86,0.1567,15,healthy,287.12,643.96,138.45,167.21,104.18,79.8,93.14,0.0,0.0,58.8,64.2,136.13,64.06,72.32,54.3,47.03,0.0,60.23
404,6437.57,1486.74,1598.15,1023.68,4309.35,1250.49,877.73,0.1363,13,healthy,490.04,2240.87,369.86,399.59,229.46,203.37,155.62,220.54,0.0,535.34,0.0,229.15,124.15,0.0,208.14,153.71,0.0,0.0
405,4698.72,1085.15,1360.77,1053.14,2866.95,1014.58,817.19,0.1739,15,healthy,501.47,1070.51,234.47,350.22,253.92,238.41,125.44,0.0,92.51,0.0,99.69,232.29,47.07,238.39,57.37,204.8,0.0,134.97
406,5624.73,1299.01,2107.54,2174.75,3843.43,871.62,909.68,0.1617,16,healthy,611.66,1690.61,325.78,323.61,308.77,161.16,152.51,187.62,81.71,179.05,0.0,190.74,62.92,180.05,0.0,89.51,118.04,51.31
407,1809.3,417.85,141.6,142.27,1348.53,139.47,321.3,0.1776,13,healthy,159.83,608.98,106.46,136.44,90.37,71.52,54.97,78.36,41.6,0.0,35.75,0.0,49.66,0.0,0.0,0.0,14.33,39.73
408,5759.95,1330.24,1626.48,2486.09,3430.49,1485.54,843.92,0.1465,16,healthy,670.16,1237.25,307.87,399.57,304.27,240.83,188.53,0.0,82.01,263.44,313.19,205.65,128.56,0.0,63.86,281.56,34.89,194.39
409,6249.79,1443.37,1889.18,885.35,4312.48,1369.6,567.71,0.0908,15,tight,606.63,1678.76,360.54,455.49,322.96,307.3,231.7,205.56,143.54,507.77,356.25,0.0,83.96,86.81,0.0,278.74,0.0,56.07
410,7844.35,1811.63,1535.38,790.01,5492.19,2022.68,329.48,0.042,16,tight,831.54,2233.79,495.26,527.23,485.33,237.52,271.4,251.1,159.02,263.19,0.0,816.5,210.57,275.17,0.0,194.13,50.97,212.15
411,2756.22,636.54,1619.29,1440.26,1524.6,769.62,462.0,0.1676,15,healthy,336.79,583.84,113.36,174.62,109.9,117.04,89.05,0.0,0.0,0.0,36.79,239.34,98.98,101.55,93.44,109.11,67.63,22.78
412,1962.04,453.13,533.28,715.74,1368.63,298.82,294.59,0.1501,15,healthy,171.36,695.63,92.14,139.51,91.1,80.07,52.36,0.0,46.46,54.58,42.85,105.37,15.39,0.0,39.97,17.71,22.95,0.0
413,5237.71,1209.63,0,0,3662.29,1662.58,-87.16,-0.0166,15,over,598.22,1778.59,270.27,383.18,328.74,193.24,110.05,0.0,0.0,118.57,174.7,542.25,0.0,180.39,203.87,152.93,175.04,114.83
414,4408.09,1018.03,2219.88,1691.67,2352.11,827.59,1228.39,0.2787,14,healthy,407.06,899.24,193.38,225.16,278.35,152.44,126.05,0.0,70.43,326.44,143.93,133.67,50.82,0.0,0.0,0.0,112.08,60.65
415,7489.46,1729.67,2665.88,3404.08,4189.7,994.54,2305.22,0.3078,13,healthy,624.4,1682.75,445.86,398.82,280.52,269.56,170.97,316.82,0.0,0.0,0.0,0.0,253.74,0.0,115.66,210.84,209.31,204.99
416,3521.9,813.37,333.3,242.28,1988.71,943.2,589.99,0.1675,15,healthy,319.71,875.27,226.55,194.61,130.3,103.03,76.95,0.0,62.29,221.52,0.0,231.04,32.98,88.18,122.2,174.54,72.74,0.0
417,6274.59,1449.1,3768.49,2644.63,3725.42,1479.39,1069.78,0.1705,15,healthy,514.9,1779.2,253.91,379.39,387.06,259.54,151.42,0.0,0.0,180.69,121.33,582.63,80.27,70.58,157.05,0.0,109.46,177.38
418,1810.39,418.1,329.59,324.87,1152.68,563.89,93.82,0.0518,17,tight,149.53,533.59,111.63,104.06,81.92,75.69,60.49,0.0,35.77,58.92,39.52,99.33,20.11,92.7,77.48,75.3,41.34,59.19
419,2018.31,466.12,935.08,631.07,1133.24,361.27,523.8,0.2595,14,healthy,154.75,456.33,115.76,123.92,110.76,60.1,61.6,0.0,50.02,143.89,56.03,0.0,68.18,32.69,27.68,0.0,0.0,32.8
420,3979.11,918.96,1319.43,1258.87,2365.38,837.39,776.34,0.1951,14,healthy,395.94,963.81,208.08,170.37,217.65,191.99,144.15,0.0,73.39,335.62,0.0,103.66,84.11,119.02,155.59,39.39,0.0,0.0
421,6502.6,1501.76,2634.44,3187.26,3592.17,824.56,2085.87,0.3208,11,healthy,678.94,1421.33,295.78,372.99,362.21,265.57,195.35,0.0,0.0,0.0,0.0,351.41,194.11,0.0,99.45,0.0,179.59,0.0
422,8506.53,1964.56,2901.93,1077.9,5983.51,1769.05,753.97,0.0886,14,tight,873.39,3062.89,407.51,649.92,360.6,413.91,215.29,0.0,0.0,192.2,448.55,0.0,112.28,403.95,369.67,0.0,126.31,116.09
423,8493.81,1961.62,715.54,350.61,5179.38,2090.93,1223.5,0.144,15,healthy,949.56,2126.17,382.59,550.85,508.33,313.93,207.23,0.0,140.72,260.25,546.51,359.74,109.55,0.0,0.0,381.18,228.11,205.59
424,5716.39,1320.18,0,0,4135.49,1965.12,-384.22,-0.0672,16,over,722.03,1855.33,329.45,416.18,342.66,262.76,207.08,0.0,0.0,267.9,109.69,530.99,176.46,203.39,181.93,219.14,159.88,115.74
425,5245.38,1211.4,2447.35,1851.83,2814.37,1004.8,1426.21,0.2719,15,healthy,402.65,1198.17,321.02,255.48,204.56,167.88,134.88,0.0,129.73,218.77,0.0,125.71,139.97,180.58,231.5,61.25,47.02,0.0
426,5470.76,1263.45,3303.29,4211.76,3650.9,407.02,1412.84,0.2583,11,healthy,538.77,1975.7,285.74,264.72,272.88,172.11,140.98,0.0,0.0,126.32,0.0,0.0,103.66,0.0,85.99,91.05,0.0,0.0
427,3703.88,855.4,4179.26,3479.43,2275.65,413.95,1014.28,0.2738,12,healthy,419.6,950.21,190.05,200.76,164.41,147.7,141.46,0.0,61.46,0.0,189.86,0.0,0.0,127.73,45.93,0.0,0.0,50.43
428,9995.17,2308.35,273.62,187.66,6657.87,2988.85,348.45,0.0349,17,tight,766.21,3315.41,491.95,512.21,365.96,477.79,262.64,323.92,141.78,0.0,572.92,1022.37,151.44,303.36,183.62,248.78,201.0,305.36
429,3017.42,696.86,977.73,851.3,2054.16,670.74,292.52,0.0969,17,tight,336.53,769.22,117.51,199.23,189.83,145.43,86.71,135.41,74.29,224.31,112.48,70.28,46.34,58.48,39.19,93.79,25.87,0.0
430,17685.35,4084.38,3189.3,2157.32,11381.83,749.87,5553.65,0.314,11,healthy,2237.96,5272.58,686.82,950.36,905.66,609.97,383.83,0.0,334.65,0.0,222.55,0.0,366.97,0.0,0.0,160.35,0.0,0.0
431,8975.11,2072.77,2520.97,1344.6,5922.9,1560.41,1491.8,0.1662,14,healthy,1163.57,2654.38,315.05,625.12,338.36,338.8,282.12,0.0,205.5,0.0,216.23,705.38,177.66,0.0,0.0,216.8,75.99,168.35
432,18159.36,4193.85,0,0,12157.77,6358.3,-356.71,-0.0196,15,over,2330.71,5646.87,700.27,1308.58,680.51,893.03,597.8,0.0,0.0,1306.42,1277.81,1712.57,285.43,187.93,659.63,738.78,189.73,0.0
433,1639.28,378.59,706.23,334.58,1149.14,340.63,149.51,0.0912,14,tight,190.48,510.97,64.15,95.21,71.59,83.71,35.42,65.47,32.14,143.96,0.0,80.32,0.0,0.0,87.99,0.0,15.11,13.25
434,2165.56,500.13,749.1,454.89,1200.25,597.73,367.58,0.1697,15,healthy,267.52,435.99,87.03,124.2,81.32,87.79,46.63,69.77,0.0,182.76,42.26,142.74,40.88,0.0,106.34,49.91,32.84,0.0
435,4765.64,1100.61,1293.8,961.29,2932.95,1380.27,452.42,0.0949,17,tight,609.92,1004.61,219.13,337.16,304.63,230.12,130.08,0.0,97.3,107.77,248.25,87.41,144.29,210.84,102.09,231.47,106.6,141.55
436,5278.22,1218.99,413.72,235.38,3665.08,1045.3,567.84,0.1076,15,healthy,483.99,1899.07,265.52,313.53,207.79,257.25,140.07,0.0,97.86,0.0,0.0,300.62,88.09,88.37,113.16,229.54,109.74,115.78
437,3006.04,694.24,507.04,817.94,2012.02,270.17,723.85,0.2408,11,healthy,316.25,1030.8,121.33,182.16,143.07,113.4,105.01,0.0,0.0,0.0,0.0,154.5,25.45,0.0,0.0,33.95,56.27,0.0
438,7540.2,1741.39,475.94,184.78,4641.09,2124.4,774.71,0.1027,16,healthy,974.55,1557.02,287.67,541.47,470.3,227.32,285.7,297.06,0.0,535.84,385.56,206.97,255.0,299.85,85.13,0.0,236.46,119.59
439,13407.26,3096.36,8413.4,4898.13,7571.27,3705.45,2130.54,0.1589,15,healthy,1210.16,2896.72,536.23,981.68,768.78,626.2,295.12,0.0,256.38,984.63,265.29,1156.2,273.96,413.38,0.0,458.32,153.67,0.0
440,3800.7,877.76,0,0,2470.88,1446.67,-116.85,-0.0307,16,over,380.18,1160.83,166.46,178.09,242.94,181.6,82.42,0.0,78.36,246.96,201.19,304.47,127.06,184.28,160.06,175.04,0.0,47.61
441,7128.28,1646.25,4770.55,2588.99,3575.89,1449.09,2103.3,0.2951,13,healthy,589.61,1531.87,296.99,438.43,263.59,251.16,204.24,0.0,0.0,131.97,246.82,586.57,129.22,0.0,261.26,93.25,0.0,0.0
442,6621.87,1529.3,601.02,246.58,4341.68,1126.1,1154.09,0.1743,14,healthy,664.39,2173.67,256.06,409.66,383.72,207.15,247.03,0.0,0.0,0.0,303.06,273.91,48.8,107.5,0.0,146.82,113.2,132.81
443,3740.37,863.83,469.55,355.91,2592.07,504.94,643.36,0.172,15,healthy,365.92,1239.29,184.85,258.44,212.0,148.42,93.92,0.0,89.23,147.09,0.0,0.0,59.74,122.55,64.95,41.35,23.6,45.66
444,12082.46,2790.41,6948.44,6409.87,7703.07,1866.4,2512.99,0.208,14,healthy,1243.4,3334.14,552.7,895.94,605.55,353.43,404.68,0.0,313.23,0.0,0.0,620.39,0.0,482.44,187.47,154.31,235.38,186.41
445,8000.77,1847.75,828.35,782.07,5172.46,1674.26,1154.05,0.1442,15,healthy,983.38,2023.81,384.76,538.94,479.55,252.28,198.27,311.47,0.0,0.0,166.68,745.94,165.62,110.39,128.75,176.03,180.85,0.0
446,2084.51,481.41,652.96,406.68,1517.61,249.88,317.02,0.1521,12,healthy,246.78,723.22,135.17,147.19,135.3,67.59,62.36,0.0,0.0,0.0,135.96,0.0,37.53,22.45,0.0,0.0,25.56,28.38
447,6639.64,1533.4,2370.08,2226.85,4645.27,1124.02,870.35,0.1311,16,healthy,575.78,2393.28,233.45,413.38,383.02,195.6,213.04,237.72,0.0,162.95,276.17,0.0,63.32,74.03,188.01,185.18,74.02,100.34
448,4747.27,1096.37,809.44,749.88,3253.27,919.76,574.24,0.121,13,healthy,461.24,1615.68,282.38,284.01,224.94,152.24,156.53,0.0,76.25,0.0,0.0,438.06,116.74,237.93,0.0,0.0,63.7,63.33
449,7376.21,1703.51,212.72,391.55,5155.88,1647.46,572.87,0.0777,16,tight,947.15,2542.11,332.88,500.45,308.19,295.83,229.27,0.0,0.0,217.27,262.94,137.56,209.49,107.02,316.22,85.48,131.18,180.3
450,4150.51,958.55,1519.81,2288.36,2407.01,941.85,801.65,0.1931,13,healthy,405.03,1007.24,147.12,290.1,156.84,160.86,146.7,0.0,93.12,287.18,286.58,0.0,103.29,204.95,0.0,59.85,0.0,0.0
451,4537.16,1047.84,441.47,336.78,2730.96,1584.99,221.21,0.0488,16,tight,555.68,1034.92,167.35,331.04,202.06,205.42,142.8,0.0,91.69,224.93,319.55,432.83,0.0,185.43,106.44,161.45,68.41,85.95
452,2755.23,636.31,501.76,417.39,1794.67,410.95,549.61,0.1995,15,healthy,290.33,704.02,147.47,149.47,151.44,95.33,74.39,125.74,56.48,131.68,0.0,54.04,26.89,0.0,51.67,116.19,30.48,0.0
453,3594.0,830.02,2643.09,1509.29,2012.12,522.44,1059.44,0.2948,13,healthy,394.68,805.87,158.12,204.16,152.96,101.73,86.44,108.16,0.0,0.0,0.0,199.74,25.85,0.0,176.59,0.0,67.96,52.3
454,6337.61,1463.65,696.65,668.43,3449.87,1766.75,1120.99,0.1769,16,healthy,527.14,1455.96,247.38,371.97,334.35,178.33,243.18,0.0,91.56,534.02,96.92,337.05,216.63,122.14,82.74,301.54,0.0,75.71
455,3568.83,824.21,0,0,2840.95,1039.61,-311.73,-0.0873,17,over,456.45,1262.29,166.57,254.87,205.09,139.64,99.89,176.53,79.62,101.73,231.26,339.94,23.53,131.63,0.0,38.73,69.09,103.7
456,8003.93,1848.48,1002.73,1104.04,4902.53,2288.28,813.12,0.1016,16,healthy,746.95,2335.59,319.88,558.82,334.27,250.4,174.07,0.0,182.55,707.9,336.58,491.07,0.0,172.35,77.79,151.42,150.64,200.53
457,12619.24,2914.37,0,0,8741.17,3965.06,-86.99,-0.0069,15,over,1044.07,4016.21,726.54,967.5,599.03,610.49,464.18,0.0,313.15,470.32,769.63,1292.9,339.13,0.0,288.51,591.3,0.0,213.27
458,2871.97,663.27,31.35,22.51,1835.03,993.52,43.42,0.0151,17,tight,247.05,808.59,134.66,189.47,135.36,141.6,108.54,0.0,69.76,210.26,112.36,108.04,86.88,52.37,130.94,138.08,51.69,102.9
459,4278.0,987.99,1092.67,515.87,2305.77,1370.58,601.65,0.1406,15,healthy,329.73,1027.04,203.96,191.65,237.36,161.59,154.44,0.0,0.0,281.12,293.53,0.0,133.38,195.67,146.66,208.6,85.17,26.45
460,4315.47,996.64,2738.47,760.72,2620.57,944.65,750.25,0.1739,15,healthy,355.49,1234.11,181.39,286.05,193.33,187.1,99.4,0.0,83.7,85.29,100.94,283.72,98.59,166.75,0.0,0.0,113.71,95.65
461,5907.7,1364.36,3499.39,3198.25,3396.73,989.85,1521.12,0.2575,13,healthy,509.63,1270.95,300.28,409.47,225.03,201.22,222.0,258.15,0.0,431.87,0.0,189.31,0.0,107.3,190.76,70.61,0.0,0.0
462,9331.69,2155.12,516.53,554.9,6597.95,2175.97,557.77,0.0598,13,tight,1124.91,3312.88,332.0,562.47,421.48,404.98,242.26,0.0,196.97,765.9,0.0,497.12,0.0,0.0,0.0,275.6,334.34,303.01
463,4367.76,1008.72,1564.77,1327.33,2850.77,954.03,562.96,0.1289,16,healthy,372.07,1355.4,270.8,185.17,259.07,137.25,160.66,0.0,110.35,0.0,54.77,256.04,33.9,127.53,86.93,214.51,55.34,125.01
464,2524.4,583.0,319.37,405.32,1592.13,694.88,237.39,0.094,15,tight,213.52,792.38,156.44,116.83,131.52,85.76,95.68,0.0,0.0,0.0,88.02,187.4,20.73,115.48,98.44,130.79,29.12,24.9
465,15834.07,3656.83,3432.11,1469.91,10724.54,1685.81,3423.72,0.2162,13,healthy,1276.46,4106.23,985.84,1039.71,988.76,804.9,393.9,772.13,356.61,0.0,602.16,0.0,118.21,780.38,0.0,0.0,185.06,0.0
466,7158.37,1653.2,2255.73,679.06,4537.85,1570.11,1050.41,0.1467,14,healthy,522.42,2242.93,282.06,493.15,420.72,314.04,262.53,0.0,0.0,0.0,0.0,448.21,159.68,238.41,188.04,367.17,113.71,54.89
467,19933.26,4603.52,6565.32,5769.21,11656.55,5408.97,2867.74,0.1439,16,healthy,1907.34,4249.52,1031.75,926.97,1259.88,818.95,711.55,750.59,0.0,843.92,0.0,1092.61,318.86,763.91,439.86,892.87,544.67,512.27
468,1996.2,461.02,1014.29,1316.37,1032.58,359.24,604.38,0.3028,15,healthy,199.14,415.83,90.8,90.02,109.59,62.92,64.28,0.0,0.0,0.0,49.1,68.96,28.45,17.97,57.84,29.52,67.25,40.15
469,2418.92,558.64,897.88,453.05,1528.2,629.54,261.18,0.108,17,healthy,250.22,619.3,102.01,176.84,90.36,78.91,77.14,97.27,36.15,0.0,94.61,128.97,23.0,111.17,85.76,99.8,53.67,32.56
470,6096.53,1407.97,2362.82,1967.79,4125.88,884.18,1086.47,0.1782,13,healthy,503.21,1982.49,348.43,368.81,312.87,309.51,204.12,0.0,96.44,245.97,326.3,0.0,0.0,0.0,91.12,0.0,91.44,129.35
471,15583.89,3599.05,6184.85,4239.22,10210.77,2953.61,2419.51,0.1553,12,healthy,2018.8,3494.77,880.03,999.62,883.41,767.62,389.64,776.88,0.0,0.0,704.58,1403.03,145.62,0.0,700.38,0.0,0.0,0.0
472,13633.58,3148.63,900.7,1093.77,8838.03,2327.0,2468.55,0.1811,11,healthy,1182.18,4271.43,830.36,905.83,739.17,526.95,382.11,0.0,0.0,0.0,880.51,746.24,0.0,588.32,0.0,0.0,0.0,111.93
473,4896.85,1130.91,691.32,720.69,2758.4,961.22,1177.23,0.2404,13,healthy,406.27,1289.91,290.77,212.99,235.14,142.29,181.03,0.0,0.0,0.0,94.22,349.21,0.0,184.9,0.0,118.77,96.97,117.15
474,10416.6,2405.68,2776.61,6212.66,6087.81,2060.58,2268.21,0.2177,15,healthy,1118.7,2116.9,509.41,792.82,571.33,360.0,397.21,0.0,221.44,332.13,519.14,552.46,151.05,248.52,0.0,0.0,178.43,78.85
475,5621.72,1298.32,4192.59,2855.08,3352.97,835.94,1432.81,0.2549,12,healthy,676.98,1501.41,246.73,267.33,352.17,183.95,124.4,0.0,0.0,0.0,0.0,444.95,0.0,74.35,161.92,0.0,46.39,108.33
476,6855.18,1583.18,0,0,5264.73,1798.3,-207.85,-0.0303,15,over,759.56,2425.0,359.94,401.48,391.16,345.36,209.54,241.37,131.32,0.0,0.0,563.59,156.21,177.15,361.1,323.16,0.0,217.09
477,4864.97,1123.55,343.06,197.43,3349.86,844.6,670.51,0.1378,13,healthy,411.16,1621.59,258.38,342.01,252.8,169.97,178.23,0.0,115.72,240.88,112.92,191.23,0.0,233.69,0.0,0.0,0.0,65.88
478,6700.75,1547.52,444.18,493.15,4536.64,1288.16,875.95,0.1307,14,healthy,581.18,2395.76,248.72,317.48,395.28,319.47,180.31,0.0,98.44,386.15,0.0,253.97,119.28,0.0,115.88,278.83,0.0,134.05
479,4067.54,939.39,570.38,459.78,2655.74,1219.5,192.3,0.0473,15,tight,381.96,1296.16,240.31,252.62,188.54,173.87,122.28,0.0,0.0,256.34,61.91,320.47,117.0,113.53,190.7,0.0,54.32,105.23
480,17289.29,3992.91,1462.54,2746.81,11361.82,5204.83,722.64,0.0418,15,tight,1503.54,4303.83,909.17,1302.08,967.67,685.09,531.65,811.74,347.05,1411.78,0.0,1403.87,0.0,834.34,0.0,914.45,171.56,468.83
481,2115.92,488.67,490.76,561.54,1277.8,674.46,163.66,0.0773,17,tight,219.51,504.11,78.72,122.15,132.41,105.44,81.46,0.0,34.0,85.85,113.76,133.53,25.72,65.04,99.77,55.65,57.0,38.14
482,13914.15,3213.43,118.79,70.11,9125.83,4726.61,61.71,0.0044,18,tight,1602.66,3728.55,599.42,778.16,713.06,675.56,403.59,406.54,218.29,216.44,433.0,1441.47,301.69,600.24,745.85,297.16,269.85,420.91
483,4705.8,1086.79,450.27,680.87,3370.93,1109.58,225.29,0.0479,17,tight,421.2,1627.35,201.42,297.38,206.51,227.54,143.65,133.67,112.21,230.34,69.32,198.12,86.29,112.82,155.58,227.16,0.0,29.95
484,5736.01,1324.71,0,0,4134.31,1828.75,-227.05,-0.0396,16,over,717.9,1970.0,247.69,355.57,263.13,233.11,214.86,0.0,132.05,504.92,289.17,452.66,142.46,0.0,51.91,89.6,172.33,125.7
485,6070.25,1401.91,1448.24,1550.83,3198.55,1610.85,1260.85,0.2077,14,healthy,494.56,1231.45,347.96,357.92,296.26,309.19,161.21,0.0,0.0,329.01,0.0,504.74,153.22,274.8,98.12,0.0,114.62,136.34
486,5856.18,1352.47,1570.27,1152.79,3653.21,1346.17,856.8,0.1463,15,healthy,483.65,1584.09,272.42,370.43,317.78,216.19,178.81,229.84,0.0,0.0,197.4,433.69,0.0,92.96,110.7,185.15,190.43,135.84
487,8168.61,1886.52,784.21,355.24,6162.65,1699.93,306.03,0.0375,16,tight,884.38,2820.46,400.1,438.05,439.58,326.04,258.78,398.27,196.99,163.15,393.34,521.94,144.73,259.32,149.01,0.0,0.0,68.44
488,17863.51,4125.52,1748.07,1246.59,11068.61,3369.74,3425.16,0.1917,15,healthy,1896.37,4502.82,1096.01,849.76,1048.12,666.08,620.27,0.0,389.18,787.82,253.64,533.69,0.0,472.36,0.0,728.65,461.62,131.96
489,4827.53,1114.9,1262.2,571.22,2577.66,643.87,1606.0,0.3327,11,healthy,488.12,1128.91,217.97,205.06,203.16,154.96,179.48,0.0,0.0,0.0,150.12,0.0,0.0,0.0,174.55,0.0,148.04,171.16
490,3225.1,744.83,263.78,244.59,1572.38,861.06,791.66,0.2455,14,healthy,235.7,687.6,134.84,172.92,151.64,99.11,90.57,0.0,0.0,0.0,208.67,73.56,0.0,145.75,103.39,112.4,115.1,102.19
491,1819.3,420.16,192.76,108.26,1176.69,497.37,145.24,0.0798,16,tight,151.22,558.88,83.05,100.38,72.42,80.15,45.85,84.74,0.0,39.4,94.09,69.88,0.0,76.66,76.86,81.63,22.23,36.62
492,4713.47,1088.56,837.26,261.85,2802.93,1299.69,610.85,0.1296,14,healthy,410.1,1420.43,296.74,217.46,165.39,150.25,142.56,0.0,0.0,172.05,0.0,440.23,154.05,161.73,103.47,0.0,149.82,118.34
493,3942.61,910.53,114.5,153.72,2778.77,1121.64,42.2,0.0107,16,tight,426.06,1268.91,214.38,281.86,243.34,153.2,135.75,0.0,55.27,329.78,265.35,116.39,55.42,0.0,72.52,74.64,111.23,96.31
494,1793.77,414.27,0,0,1308.05,564.53,-78.81,-0.0439,17,over,191.95,585.69,87.43,133.97,79.31,66.45,55.41,66.57,41.27,147.13,103.1,103.1,15.76,0.0,94.34,16.34,29.23,55.53
495,3323.99,767.67,183.0,197.1,2165.59,757.09,401.31,0.1207,15,healthy,328.63,1160.01,116.42,168.47,141.54,123.23,74.82,0.0,52.47,244.73,157.49,0.0,20.75,66.39,44.09,150.25,0.0,73.39
496,3907.48,902.42,305.54,112.98,2411.77,1343.8,151.91,0.0389,16,tight,332.18,1116.98,148.95,232.48,201.09,167.1,118.95,0.0,94.04,304.15,182.44,324.06,106.29,44.45,0.0,188.9,62.74,130.77
497,6109.23,1410.91,2107.82,2005.9,3340.66,581.17,2187.4,0.358,12,healthy,577.51,1520.75,349.17,260.79,287.46,201.22,143.76,0.0,0.0,197.99,0.0,135.91,54.17,67.73,125.37,0.0,0.0,0.0
498,11167.44,2579.09,1320.81,529.74,7027.97,3382.16,757.31,0.0678,15,tight,925.56,3310.19,678.94,603.01,453.06,519.74,323.5,0.0,213.97,0.0,0.0,1156.59,280.3,513.06,420.61,517.8,97.86,395.94
499,5794.45,1338.21,1984.45,1027.75,3468.76,1094.82,1230.87,0.2124,14,healthy,739.53,1375.47,213.34,330.25,284.98,192.72,182.34,0.0,150.13,275.66,0.0,0.0,154.61,0.0,251.83,117.3,157.68,137.74
500,5289.72,1221.64,351.36,153.45,3668.71,1165.58,455.43,0.0861,15,tight,666.72,1698.79,220.78,401.21,272.18,202.6,113.58,0.0,92.85,323.7,313.36,0.0,138.65,0.0,170.26,54.56,106.96,58.09
